-- phpMyAdmin SQL Dump
-- version 4.9.5
-- https://www.phpmyadmin.net/
--
-- Host: 127.0.0.1:3306
-- Generation Time: Apr 07, 2021 at 03:04 PM
-- Server version: 10.4.14-MariaDB-cll-lve
-- PHP Version: 7.2.34

SET SQL_MODE = "NO_AUTO_VALUE_ON_ZERO";
SET AUTOCOMMIT = 0;
START TRANSACTION;
SET time_zone = "+00:00";


/*!40101 SET @OLD_CHARACTER_SET_CLIENT=@@CHARACTER_SET_CLIENT */;
/*!40101 SET @OLD_CHARACTER_SET_RESULTS=@@CHARACTER_SET_RESULTS */;
/*!40101 SET @OLD_COLLATION_CONNECTION=@@COLLATION_CONNECTION */;
/*!40101 SET NAMES utf8mb4 */;

--
-- Database: `u757786120_mobilerepair`
--

-- --------------------------------------------------------

--
-- Table structure for table `admins`
--

CREATE TABLE `admins` (
  `admin_id` int(10) NOT NULL,
  `admin_name` varchar(255) NOT NULL,
  `admin_email` varchar(255) NOT NULL,
  `admin_pass` varchar(255) NOT NULL,
  `admin_image` text NOT NULL,
  `admin_contact` varchar(255) NOT NULL,
  `admin_address` text DEFAULT NULL,
  `admin_role` varchar(100) NOT NULL,
  `admin_rights` varchar(50) NOT NULL
) ENGINE=InnoDB DEFAULT CHARSET=latin1;

--
-- Dumping data for table `admins`
--

INSERT INTO `admins` (`admin_id`, `admin_name`, `admin_email`, `admin_pass`, `admin_image`, `admin_contact`, `admin_address`, `admin_role`, `admin_rights`) VALUES
(0, 'IBOFIX INDIA', 'admin@ibofix.com', '123', 'Font Bauhaus 93_Size 100_2.png', '+91 77220 70659', '102, Bhosale Complex, Survey No: 483/270, Near Sant Tukaram Maharaj Mandir, Wallabhanagar-Pune, 411018', 'super_admin', '0,1,2,3,4,5,6,7,8,9,10,11,12,13,14,15,16,'),
(6, 'Atharva Santosh Deshpande', 'AtharvaSD_admin_5', '111', 'Photograph.jpg', '7563210245', 'Pune', 'delivery_boy', ''),
(20, 'AkshayKumar Mahadik', 'AkshayKumarM_admin_6', '123', 'WhatsApp Image 2021-02-14 at 4.25.19 PM.jpeg', '+91 76205 08235', 'Wallabhnagar', 'admin', '0,1,2,3,4,5,6,7,8,9,10,11,12,13,14,15,');

-- --------------------------------------------------------

--
-- Table structure for table `carousel`
--

CREATE TABLE `carousel` (
  `id` int(10) NOT NULL,
  `image` varchar(255) NOT NULL
) ENGINE=InnoDB DEFAULT CHARSET=utf8mb4;

--
-- Dumping data for table `carousel`
--

INSERT INTO `carousel` (`id`, `image`) VALUES
(33, 'poster_2021-04-02-081857.png'),
(34, 'poster_2021-04-02-083807.png'),
(35, 'poster_2021-04-02-084148.png'),
(36, 'poster_2021-04-03-094624.png'),
(38, 'poster_2021-04-03-102115.png'),
(39, 'poster_2021-04-03-103552.png'),
(40, 'poster_2021-04-03-110434.png'),
(41, 'poster_2021-04-03-024413[1].png'),
(42, 'poster_2021-04-03-025216[1].png');

-- --------------------------------------------------------

--
-- Table structure for table `chat`
--

CREATE TABLE `chat` (
  `work` varchar(50) NOT NULL,
  `city` varchar(50) NOT NULL,
  `pin` varchar(50) NOT NULL,
  `mobile` varchar(50) NOT NULL,
  `fname` varchar(50) NOT NULL
) ENGINE=InnoDB DEFAULT CHARSET=utf8mb4;

--
-- Dumping data for table `chat`
--

INSERT INTO `chat` (`work`, `city`, `pin`, `mobile`, `fname`) VALUES
('Mobile Repairing', 'pune', '413018', '7620508285', 'roshanm');

-- --------------------------------------------------------

--
-- Table structure for table `cities`
--

CREATE TABLE `cities` (
  `cid` int(10) NOT NULL,
  `cname` varchar(50) NOT NULL
) ENGINE=InnoDB DEFAULT CHARSET=utf8mb4;

--
-- Dumping data for table `cities`
--

INSERT INTO `cities` (`cid`, `cname`) VALUES
(46, 'Pimpri-Chinchwad');

-- --------------------------------------------------------

--
-- Table structure for table `contactlocations`
--

CREATE TABLE `contactlocations` (
  `clid` int(20) NOT NULL,
  `ccity` varchar(20) NOT NULL,
  `cadmin` varchar(50) NOT NULL,
  `cnumber` varchar(20) NOT NULL,
  `cemail` varchar(20) NOT NULL,
  `caddress` varchar(200) NOT NULL
) ENGINE=InnoDB DEFAULT CHARSET=utf8mb4;

--
-- Dumping data for table `contactlocations`
--

INSERT INTO `contactlocations` (`clid`, `ccity`, `cadmin`, `cnumber`, `cemail`, `caddress`) VALUES
(13, 'Pune', 'Head Office', '77220 70659', 'customer@ibofix.com', '102, Bhosale Complex, Sector 483/270, Near Sant Tukaram Maharaj Mandir, Wallabhnagar-Pune. Maharashtra. 411018.');

-- --------------------------------------------------------

--
-- Table structure for table `contactus`
--

CREATE TABLE `contactus` (
  `name` varchar(50) NOT NULL,
  `email` varchar(50) NOT NULL,
  `phone` varchar(50) NOT NULL,
  `subject` varchar(200) NOT NULL
) ENGINE=InnoDB DEFAULT CHARSET=utf8mb4;

--
-- Dumping data for table `contactus`
--

INSERT INTO `contactus` (`name`, `email`, `phone`, `subject`) VALUES
('Akshaykumar Mahadik', 'roshanm6994@gmail.com', '7620508235', 'THERE ARE NO MORE MODELS IN YOUR WEBSITE.. I WANT REPAIR MY ONE PLUS'),
('Vinod Kumbhar', 'vinu.kumbhar01@gmail.com', '9657245081', 'Problem with my geo mobile phone'),
('', '', '', ''),
('', '', '', '');

-- --------------------------------------------------------

--
-- Table structure for table `mobilecompany`
--

CREATE TABLE `mobilecompany` (
  `mcid` int(50) NOT NULL,
  `mcname` varchar(200) NOT NULL
) ENGINE=InnoDB DEFAULT CHARSET=latin1;

--
-- Dumping data for table `mobilecompany`
--

INSERT INTO `mobilecompany` (`mcid`, `mcname`) VALUES
(19, 'Apple - Mobile'),
(20, 'Apple - Tab'),
(21, 'Asus - Mobile'),
(22, 'Asus - Tab'),
(23, 'Google'),
(24, 'Honor'),
(25, 'HTC'),
(26, 'Huawei - Mobile'),
(27, 'Huawei - Tab'),
(28, 'iBall - Mobile'),
(29, 'iBall - Tab'),
(30, 'Jio'),
(31, 'Karbonn'),
(32, 'Lava - Mobile'),
(33, 'Lava - Tab'),
(34, 'Lenovo - Mobile'),
(49, 'Lenovo - Tab'),
(51, 'Micromax - Mobile '),
(52, 'Micomax - Tab'),
(53, 'Motorola '),
(54, 'Nokia'),
(55, 'One Plus '),
(56, 'Oppo'),
(57, 'Realme'),
(58, 'Redmi - Mobile'),
(59, 'Redmi - Tab'),
(60, 'Samsung - Mobile'),
(61, 'Samsung - Tab'),
(62, 'Sony - Mobile '),
(63, 'Sony - Tab'),
(65, 'ViVo'),
(66, 'Xolo'),
(67, 'Amazon - Tab'),
(68, 'Acer - Tab'),
(69, 'HP - Tab'),
(70, 'Vodafone - Tab'),
(71, 'Other');

-- --------------------------------------------------------

--
-- Table structure for table `mobilemodel`
--

CREATE TABLE `mobilemodel` (
  `mmid` int(50) NOT NULL,
  `mmname` varchar(500) NOT NULL,
  `mcid` int(50) NOT NULL
) ENGINE=InnoDB DEFAULT CHARSET=latin1;

--
-- Dumping data for table `mobilemodel`
--

INSERT INTO `mobilemodel` (`mmid`, `mmname`, `mcid`) VALUES
(16, 'Apple Xs Max', 19),
(17, 'Apple Xs', 19),
(18, 'Apple Xr', 19),
(20, 'Apple 8 plus', 19),
(21, 'Apple 8', 19),
(22, 'Apple 7 plus', 19),
(23, 'Apple 7', 19),
(24, 'Apple 6s plus ', 19),
(25, 'Apple 6 plus', 19),
(26, 'Apple 5 se', 19),
(27, 'Apple 6s', 19),
(28, 'Apple 6', 19),
(29, 'Apple 5s', 19),
(30, 'Apple 5c', 19),
(31, 'Apple 5', 19),
(32, 'Apple 4s', 19),
(33, 'Apple 4', 19),
(34, 'Apple 3g', 19),
(35, 'Other', 19),
(36, 'Apple iPad air ', 20),
(37, 'Apple iPad ', 20),
(38, 'Apple iPad air 2020', 20),
(39, 'Apple iPad 10.2', 20),
(40, 'Apple iPad air 2', 20),
(41, 'Apple iPad mini 4', 20),
(42, 'Other', 20),
(43, 'Asus ROG Phone 3', 21),
(44, 'Asus ROG phone 3 12gb ', 21),
(45, 'Asus Zenfone Max Pro M1', 21),
(46, 'Asus Zenfone Max Pro M1 64gb', 21),
(47, 'Asus Zenfone 3s Max ', 21),
(48, 'Asus Zenfone 2 ZE551ML', 21),
(49, 'Asus Zenfone 2 ', 21),
(50, 'Asus Zenfone 2 Laser ZE550KL', 21),
(51, 'Asus Zenfone Go ZB500KL', 21),
(52, 'Asus PadFone Mini PF400CG', 21),
(53, 'Other', 21),
(54, 'Asus PadFone ', 22),
(55, 'Asus Fonepad 8', 22),
(56, 'Asus Fonepad ', 22),
(57, 'Asus Fonepad 7 FE170CG', 22),
(58, 'Asus ZenPad 8.0', 22),
(59, 'Asus ZenPad C 7.0 Z170MG', 22),
(60, 'Asus Memo Pad 8 ME581CL ', 22),
(61, 'Asus ZenPad 7.0', 22),
(62, 'Asus Transformer Pad TF103 ', 22),
(63, 'Asus ZenPad C 7.0 Z170CG ', 22),
(64, 'Other', 22),
(65, 'Google Pixel 2 XL', 23),
(66, 'Google Pixel 3 XL', 23),
(67, 'Google Pixel XL', 23),
(68, 'Google Pixel 3', 23),
(69, 'Google Pixel 4A', 23),
(70, 'Google Pixel', 23),
(71, 'Google Pixel 2', 23),
(72, 'Google Pixel 3A', 23),
(73, 'Google Pixel 3A XL', 23),
(74, 'Google LG Nexus 5 16GB', 23),
(75, 'Other', 23),
(76, 'Honor 9A', 24),
(77, 'Honor 10 Lite', 24),
(78, 'Honor 9 Lite', 24),
(79, 'Honor 9S', 24),
(80, 'Honor 8C', 24),
(81, 'Honor 20i', 24),
(82, 'Honor 9N', 24),
(83, 'Honor 7X', 24),
(84, 'Honor Holly 3 Plus', 24),
(85, 'Honor 9 Lite 64GB', 24),
(86, 'Other', 24),
(87, 'HTC U11', 25),
(88, 'HTC U Play', 25),
(89, 'HTC One A9 32GB', 25),
(90, 'HTC One X9', 25),
(91, 'HTC Desire 830', 25),
(92, 'HTC Desire 12 Plus', 25),
(93, 'HTC One M8 Eye', 25),
(94, 'HTC Desire 628 Dual SIM', 25),
(95, 'HTC Desire 728 Dual SIM', 25),
(96, 'HTC Desire 326G Dual SIM', 25),
(97, 'Other', 25),
(98, 'Huawei P30 Pro', 26),
(99, 'Huawei Mate 20 Pro', 26),
(100, 'Huawei Mate Xs', 26),
(101, 'Huawei Mate 30E Pro', 26),
(102, 'Huawei Mate 40 Pro Plus', 26),
(103, 'Huawei Mate 40 RS Porsche Edition', 26),
(104, 'Huawei P20 Pro', 26),
(105, 'Huawei P40', 26),
(106, 'Huawei Nova 7', 26),
(107, 'Huawei P40 4G', 26),
(108, 'Other', 26),
(109, 'Huawei MatePad T10s LTE ', 27),
(110, 'Huawei MatePad T10s ', 27),
(111, 'Huawei MatePad T10 LTE ', 27),
(112, 'Huawei MatePad T10 ', 27),
(113, 'Huawei MatePad T8 ', 27),
(114, 'Huawei MatePad (10.4-inch)', 27),
(115, 'Huawei MatePad (10.4-inch) LTE ', 27),
(116, 'Huawei MatePad Pro 5G ', 27),
(117, 'Huawei MatePad Pro ', 27),
(118, 'Huawei MediaPad M5 lite ', 27),
(119, 'Huawei MediaPad T5 ', 27),
(120, 'Huawei MediaPad M6 (8.4-inch) Wi-Fi ', 27),
(121, 'Huawei MediaPad M6 (8.4-inch) LTE ', 27),
(122, 'Huawei Tablet M5 Youth Edition', 27),
(123, 'Huawei MediaPad M5 ', 27),
(124, 'Huawei MediaPad T3 10 ', 27),
(125, 'Huawei MediaPad M3 Lite', 27),
(126, 'Huawei MateBook ', 27),
(127, 'Other', 27),
(128, 'iBall Andi 4U Frisbee', 28),
(129, 'iBall Andi 4P Class X', 28),
(130, 'iBall Aasaan 4', 28),
(131, 'iBall Aasaan 3', 28),
(132, 'iBall Aasaan', 28),
(133, 'iBall Andi 5U Platino', 28),
(134, 'iBall Shaan Crown2', 28),
(135, 'iBall Andi 3.5V Genius2', 28),
(136, 'iBall Andi Avonte 5', 28),
(137, 'iBall Andi 5M Xotic', 28),
(138, 'Other', 28),
(139, 'iBall Cleo S9', 29),
(140, 'iBall Slide Dazzle 3500', 29),
(141, 'iBall Slide Wings 4GP', 29),
(142, 'iBall Slide Dazzle i7', 29),
(143, 'iBall iTAB BizniZ Mini', 29),
(144, 'iBall Slide 4GE Mania', 29),
(145, 'iBall Slide 3G 7334Q', 29),
(146, 'iBall Slide WQ32', 29),
(147, 'iBall Slide O900-C', 29),
(148, 'iBall Majestic 01', 29),
(149, 'Other', 29),
(150, 'Jio Phone 2 ', 30),
(151, 'Jio Phone ', 30),
(152, 'Other', 30),
(153, 'Karbonn A1 Plus Duple', 31),
(154, 'Karbonn K9', 31),
(155, 'Karbonn K88', 31),
(156, 'Karbonn KX23', 31),
(157, 'Karbonn Titanium S9 Plus', 31),
(158, 'Karbonn K310n', 31),
(159, 'Karbonn K4000 Baahubali', 31),
(160, 'Karbonn K2 Boom Box', 31),
(161, 'Karbonn Aura Power 4G', 31),
(162, 'Karbonn KX1 Indian', 31),
(163, 'Other', 31),
(164, 'Karbonn A1 Plus Duple', 32),
(165, 'Karbonn K9', 32),
(166, 'Karbonn K88', 32),
(167, 'Karbonn KX23', 32),
(168, 'Karbonn Titanium S9 Plus', 32),
(169, 'Karbonn K4000 Baahubali', 32),
(170, 'Karbonn K310n', 32),
(171, 'Karbonn K2 Boom Box', 32),
(172, 'Karbonn Aura Power 4G', 32),
(173, 'Karbonn KX1 Indian', 32),
(174, 'Other', 32),
(175, 'Lava Z6', 32),
(176, 'Lava Z4', 32),
(177, 'Lava Z2', 32),
(178, 'Lava Z1', 32),
(179, 'Lava Flip', 32),
(180, 'Lava Z66', 32),
(181, 'Lava A9 2020', 32),
(182, 'Lava A1', 32),
(183, 'Lava A5', 32),
(184, 'Lava A1200', 32),
(185, 'Other', 32),
(186, 'Lava Magnum XL', 33),
(187, 'Lava Magnum X1', 33),
(188, 'Lava Aura', 33),
(189, 'Other', 33),
(190, 'Lenovo Z6 Pro', 34),
(191, 'Lenovo K8 Note', 34),
(192, 'Lenovo K8 Plus', 34),
(193, 'Lenovo K9', 34),
(194, 'Lenovo K6 Power 32GB', 34),
(195, 'Lenovo K6 Power 4GB RAM', 34),
(196, 'Lenovo K4 Note', 34),
(197, 'Lenovo K3 Note', 34),
(198, 'Lenovo A7 64GB', 34),
(199, 'Lenovo A7', 34),
(200, 'Other', 34),
(201, 'Lenovo Tab P11 Pro', 49),
(202, 'Lenovo Tab M8 FHD', 49),
(203, 'Lenovo Tab M8 FHD 64GB', 49),
(204, 'Lenovo Tab M10', 49),
(205, 'Lenovo Tab M8', 49),
(206, 'Lenovo Tab M10 HD', 49),
(207, 'Lenovo Tab E8 2GB RAM', 49),
(208, 'Lenovo Tab E10', 49),
(209, 'Lenovo Tab V7 16GB', 49),
(210, 'Lenovo M10 FHD REL', 49),
(211, 'Other', 49),
(212, 'Micromax IN Note 1', 51),
(213, 'Micromax IN Note 1 128GB', 51),
(214, 'Micromax IN 1B 64GB', 51),
(215, 'Micromax Canvas 6 Pro', 51),
(216, 'Micromax Canvas Sliver 5', 51),
(217, 'Micromax Bharat 2 Plus', 51),
(218, 'Micromax X817', 51),
(219, 'Micromax X741', 51),
(220, 'Micromax X744', 51),
(221, 'Micromax X756', 51),
(222, 'Other', 51),
(223, 'Micromax Canvas Tab P650', 52),
(224, 'Micromax Canvas Fantabulet F666', 52),
(225, 'Micromax Canvas Tab P70221', 52),
(226, 'Micromax Canvas Tab P290', 52),
(227, 'Micromax Canvas Tab P702', 52),
(228, 'Micromax Funbook Mini P410i', 52),
(229, 'Micromax Canvas Tab P480', 52),
(230, 'Micromax Canvas Plex Tab', 52),
(231, 'Micromax Funbook P256', 52),
(232, 'Micromax Canvas Tab P680', 52),
(233, 'Other', 52),
(234, 'Motorola Edge Plus', 53),
(235, 'Moto G 5G', 53),
(236, 'Motorola One Fusion Plus', 53),
(237, 'Moto G30', 53),
(238, 'Motorola One Action', 53),
(239, 'Moto G10 Power', 53),
(240, 'Moto G9 Power', 53),
(241, 'Moto G9', 53),
(242, 'Moto E7 Plus', 53),
(243, 'Moto E7 Power', 53),
(244, 'Other', 53),
(245, 'Nokia 9', 54),
(246, 'Nokia 8.1', 54),
(247, 'Nokia 8.1 128GB', 54),
(248, 'Nokia 6.1 Plus 6GB RAM', 54),
(249, 'Nokia 7.2', 54),
(250, 'Nokia 5.4 6GB RAM', 54),
(251, 'Nokia 5.4', 54),
(252, 'Nokia 5.1 Plus (Nokia X5)', 54),
(253, 'Nokia 3.4', 54),
(254, 'Nokia 6.1 ', 54),
(255, 'Other', 54),
(256, 'OnePlus 8 Pro', 55),
(257, 'OnePlus 8 Pro 256GB', 55),
(258, 'OnePlus 8T', 55),
(259, 'OnePlus 8', 55),
(260, 'OnePlus 7 Pro', 55),
(261, 'OnePlus 8T 256GB', 55),
(262, 'OnePlus 7T Pro', 55),
(263, 'OnePlus 7 Pro ', 55),
(264, 'OnePlus 6T', 55),
(265, 'OnePlus 6', 55),
(266, 'OnePlus 5', 55),
(267, 'Other', 55),
(268, 'OPPO F19 Pro+ 5G', 56),
(269, 'OPPO Find X2', 56),
(270, 'OPPO Reno5 Pro 5G', 56),
(271, 'OPPO Reno3 Pro', 56),
(272, 'OPPO Reno 2', 56),
(273, 'OPPO Find X', 56),
(274, 'OPPO Reno 4 Pro', 56),
(275, 'OPPO F19 Pro', 56),
(276, 'OPPO F17 Pro', 56),
(277, 'OPPO Reno3 Pro 256GB', 56),
(278, 'Other', 56),
(279, 'Realme Narzo 30 Pro', 57),
(280, 'Realme X7', 57),
(281, 'Realme X7 Pro', 57),
(282, 'Realme Narzo 20', 57),
(283, 'Realme 7', 57),
(284, 'Realme 7 Pro', 57),
(285, 'Realme 7i', 57),
(286, 'Realme Narzo 20A', 57),
(287, 'Realme Narzo 20 Pro', 57),
(288, 'Realme Narzo 30A', 57),
(289, 'Realme 6', 57),
(290, 'Realme 5s', 57),
(291, 'Realme 5i', 57),
(292, 'Realme 5', 57),
(293, 'Realme 3', 57),
(294, 'Realme 2', 57),
(295, 'Other', 57),
(296, 'Xiaomi Mi 10', 58),
(297, 'Xiaomi Mi 10T Pro', 58),
(298, 'Xiaomi Mi 10T', 58),
(299, 'Xiaomi Redmi K20 Pro', 58),
(300, 'Xiaomi Mi 10T 8GB RAM', 58),
(301, 'Xiaomi Redmi Note 10 Pro', 58),
(302, 'Xiaomi Redmi Note 9 Pro Max 128GB', 58),
(303, 'Xiaomi Redmi K20	', 58),
(304, 'Xiaomi Redmi Note 10 Pro 128GB', 58),
(305, 'Xiaomi Redmi Note 10 Pro 8GB RAM', 58),
(306, 'Other', 58),
(307, 'Xiaomi MiPad ', 59),
(308, 'Xiaomi Mi Pad 4 Plus ', 59),
(309, 'Xiaomi Mi Pad 4', 59),
(310, 'Xiaomi Mi Pad 3 ', 59),
(311, 'Xiaomi Mi Pad 2 ', 59),
(312, 'Other', 59),
(313, 'Samsung Galaxy S21 Ultra', 60),
(314, 'Samsung Galaxy S21', 60),
(315, 'Samsung Galaxy S21 Plus', 60),
(316, 'Samsung Galaxy S20 Ultra', 60),
(317, 'Samsung Galaxy S20 FE', 60),
(318, 'Samsung Galaxy Note 20 Ultra 5G', 60),
(319, 'Samsung Galaxy S20 FE', 60),
(320, 'Samsung Galaxy S10 Lite', 60),
(321, 'Samsung Galaxy Note 10 Lite ', 60),
(322, 'Samsung Galaxy S7 Edge ', 60),
(323, 'Samsung Galaxy S6 Edge', 60),
(324, 'Samsung Galaxy XCover Pro', 60),
(325, 'Samsung Galaxy Note Edge', 60),
(326, 'Samsung Galaxy Note 4', 60),
(327, 'Samsung Galaxy F62 8GB RAM', 60),
(328, 'Samsung Galaxy Note 10 Lite', 60),
(329, 'Samsung Galaxy A71', 60),
(330, 'Samsung Galaxy A8 Plus', 60),
(331, 'Samsung Galaxy C7 ', 60),
(332, 'Samsung Galaxy F41', 60),
(333, 'Samsung Galaxy M21', 60),
(334, 'Samsung Galaxy A12', 60),
(335, 'Samsung Galaxy A20', 60),
(336, 'Samsung Galaxy M12', 60),
(337, 'Samsung Galaxy A21s', 60),
(338, 'Samsung Galaxy A12 ', 60),
(339, 'Samsung Galaxy M11', 60),
(340, 'Samsung Galaxy M51', 60),
(341, 'Samsung Galaxy M51', 60),
(342, 'Samsung Galaxy A70s', 60),
(343, 'Samsung Galaxy M31s', 60),
(344, 'Samsung Galaxy M31 Prime', 60),
(345, 'Samsung Galaxy A32', 60),
(346, 'Samsung Galaxy A51', 60),
(347, 'Samsung Galaxy M30', 60),
(348, 'Other', 60),
(349, 'Samsung Galaxy Tab A7', 61),
(350, 'Samsung Galaxy Tab A 10.1', 61),
(351, 'Samsung Galaxy Tab S6 Lite', 61),
(352, 'Samsung Galaxy Tab S7 Plus', 61),
(353, 'Samsung Galaxy Tab S5e', 61),
(354, 'Samsung Galaxy Tab A 8.0', 61),
(355, 'Samsung Galaxy Tab 3 V', 61),
(356, 'Samsung Galaxy Tab A 7.0', 61),
(357, 'Other', 61),
(358, 'Sony Xperia 1 II', 62),
(359, 'Sony Xperia Pro', 62),
(360, 'Sony Xperia 5 II', 62),
(361, 'Sony Xperia 10 II', 62),
(362, 'Sony Xperia 8 Lite', 62),
(363, 'Sony Xperia XZs', 62),
(364, 'Sony Xperia L4', 62),
(365, 'Sony Xperia XA1', 62),
(366, 'Sony Xperia C4 Dual', 62),
(367, 'Sony Xperia Z', 62),
(368, 'Sony Xperia T2', 62),
(369, 'Sony Xperia T2 Ultra', 62),
(370, 'Other', 62),
(371, 'Sony Xperia Z4 Tablet', 63),
(372, 'Sony Xperia Z3 Tablet ', 63),
(373, 'Sony Xperia Z2', 63),
(374, 'Sony Xperia Tablet Z ', 63),
(375, 'Sony Tablet S', 63),
(376, 'Sony Xperia Tablet S ', 63),
(377, 'Other', 63),
(378, 'Vivo iQOO 3', 65),
(379, 'Vivo X50 Pro', 65),
(380, 'Vivo V20 Pro', 65),
(381, 'Vivo X50', 65),
(382, 'Vivo V20', 65),
(383, 'Vivo V17', 65),
(384, 'Vivo V15 Pro', 65),
(385, 'Vivo NEX', 65),
(386, 'Vivo V20 256GB', 65),
(387, 'Vivo V19', 65),
(388, 'Vivo Z1x', 65),
(389, 'Vivo S1 Pro', 65),
(390, 'Vivo S1', 65),
(391, 'Vivo Y31 2021', 65),
(392, 'Vivo Y51A', 65),
(393, 'Vivo Y51 2020', 65),
(394, 'Vivo V20 SE', 65),
(395, 'Vivo V15', 65),
(396, 'Vivo Y50', 65),
(397, 'Vivo Z1 Pro', 65),
(398, 'Vivo Y20G', 65),
(399, 'Vivo Y20G 64GB', 65),
(400, 'Vivo Y20', 65),
(401, 'Vivo Y20 6GB RAM', 65),
(402, 'Vivo Y30 6GB RAM', 65),
(403, 'Vivo Y15 2019', 65),
(404, 'Vivo Y20i', 65),
(405, 'Vivo Y12', 65),
(406, 'Vivo Y20A', 65),
(407, 'Vivo U10', 65),
(408, 'Vivo Y12s', 65),
(409, 'Vivo Y11 2019', 65),
(410, 'Vivo Y91', 65),
(411, 'Vivo Y81', 65),
(412, 'Vivo Y1s', 65),
(413, 'Vivo Y91i 32GB', 65),
(414, 'Vivo Y91i', 65),
(415, 'Vivo Y90', 65),
(416, 'Vivo Y21', 65),
(417, 'Other', 65),
(418, 'XOLO ZX', 66),
(419, 'XOLO Black 1X', 66),
(420, 'XOLO Era 3X', 66),
(421, 'XOLO Era 4X', 66),
(422, 'XOLO Era 2', 66),
(423, 'XOLO Era 1X', 66),
(424, 'XOLO Omega 5.0', 66),
(425, 'XOLO Omega 5.5', 66),
(426, 'XOLO Win Q900S', 66),
(427, 'XOLO Play T1000', 66),
(428, 'Other', 66),
(429, 'Amazon Tab ', 67),
(430, 'Other', 67),
(431, 'Acer One 10', 68),
(432, 'Acer One 10 T4-129L', 68),
(433, 'Acer Iconia One 7 B1-750', 68),
(434, 'Acer Iconia Tab W511', 68),
(435, 'Acer Iconia W3', 68),
(436, 'Acer Iconia Tab B1-A71 16GB WiFi', 68),
(437, 'Acer Iconia One 7 B1-770 16GB', 68),
(438, 'Acer Iconia One 8 B1-820 16GB', 68),
(439, 'Acer Aspire P3-171', 68),
(440, 'Acer Iconia Tab 10 A3-A30 16GB', 68),
(441, 'Other', 68),
(442, 'HP Pro 8', 69),
(443, 'HP Slate 7 VoiceTab', 69),
(444, 'HP Stream 8', 69),
(445, 'HP 7 VoiceTab', 69),
(446, 'HP 7 Plus', 69),
(447, 'HP Slate 6 VoiceTab', 69),
(448, 'HP 10 Tablet', 69),
(449, 'Other', 69),
(450, 'Other', 70),
(451, 'Other', 71),
(452, 'Samsung On 7', 60);

-- --------------------------------------------------------

--
-- Table structure for table `pincode`
--

CREATE TABLE `pincode` (
  `pid` int(50) NOT NULL,
  `pincode` varchar(50) NOT NULL,
  `cid` int(10) NOT NULL
) ENGINE=InnoDB DEFAULT CHARSET=latin1;

--
-- Dumping data for table `pincode`
--

INSERT INTO `pincode` (`pid`, `pincode`, `cid`) VALUES
(3, '411033', 1),
(4, '411032', 2),
(6, '411017', 1),
(7, '440001', 3),
(9, '411018_PIMPRI', 43),
(10, '411035', 43),
(11, '411035', 44),
(12, '411018', 44),
(13, '411018', 45),
(14, '411027', 45),
(15, '411035', 45),
(16, '411062', 45),
(17, '411012', 45),
(18, '411019', 45),
(19, '411031', 45),
(20, '411039', 45),
(21, '412101', 45),
(22, '411033', 45),
(23, '411044', 45),
(24, '411057', 45),
(25, '411078', 45),
(26, '411017', 45),
(27, '411026', 45),
(28, '411034', 45),
(29, '411061', 45),
(30, '412061', 45),
(31, '412114', 45),
(32, '411012', 46),
(33, '411017', 46),
(34, '411018', 46),
(35, '411019', 46),
(36, '411026', 46),
(37, '411027', 46),
(38, '411031', 46),
(39, '411033', 46),
(40, '411034', 46),
(41, '411035', 46),
(42, '411039', 46),
(43, '411044', 46),
(44, '411057', 46),
(45, '411061', 46),
(46, '411062', 46),
(47, '411078', 46),
(48, '412061', 46),
(49, '412101', 46),
(50, '412114', 46);

-- --------------------------------------------------------

--
-- Table structure for table `pricing_allocation`
--

CREATE TABLE `pricing_allocation` (
  `paid` int(255) NOT NULL,
  `mmid` int(50) NOT NULL,
  `subproblem_code` int(50) NOT NULL,
  `price` varchar(100) NOT NULL
) ENGINE=InnoDB DEFAULT CHARSET=latin1;

--
-- Dumping data for table `pricing_allocation`
--

INSERT INTO `pricing_allocation` (`paid`, `mmid`, `subproblem_code`, `price`) VALUES
(3, 6, 1, '1000'),
(4, 6, 2, '2000'),
(5, 6, 22, '199'),
(6, 8, 22, '199'),
(8, 8, 27, '199/-'),
(9, 8, 29, '199/-'),
(10, 8, 30, '199/-'),
(11, 8, 31, '199/-'),
(12, 8, 32, '199/-'),
(13, 8, 33, '249/-'),
(14, 8, 34, '999/- (Price may varry)'),
(15, 8, 35, 'Depend on mobile'),
(16, 8, 36, '299/-'),
(17, 8, 37, 'Depend on mobile'),
(18, 43, 27, '199/-'),
(19, 43, 29, '199/-'),
(20, 43, 30, '199/-'),
(21, 43, 31, '199/-'),
(22, 43, 32, '199/-'),
(23, 43, 33, '249/-'),
(24, 43, 34, '999/- (Note: price may vary)'),
(25, 43, 35, 'Depend upon problem.'),
(26, 43, 36, '299/-'),
(27, 43, 37, 'Depend upon problem.'),
(28, 44, 27, '199/-'),
(29, 44, 29, '199/-'),
(30, 44, 30, '199/-'),
(31, 44, 31, '199/-'),
(32, 44, 32, '199/-'),
(33, 44, 33, '249/-'),
(34, 44, 34, '999/- (Price may ver)'),
(35, 44, 35, 'Depend upon problem'),
(36, 44, 36, '299/-'),
(37, 44, 37, 'Depend upon problem.'),
(38, 45, 27, '199/-'),
(39, 45, 29, '199/-'),
(40, 45, 30, '199/-'),
(41, 45, 31, '199/-'),
(42, 45, 32, '199/-'),
(43, 45, 33, '249/-'),
(44, 45, 34, '999/-  ( Note: price may vary '),
(45, 45, 35, 'Depend upon problem '),
(46, 45, 36, '299/-'),
(47, 45, 37, 'Depend upon problem '),
(48, 46, 27, '199/-'),
(49, 46, 29, '199/-'),
(50, 46, 30, '199/-'),
(51, 46, 31, '199/-'),
(52, 46, 32, '199/-'),
(53, 46, 33, '249/-'),
(54, 46, 34, '999/-  ( Note: price may vary '),
(55, 46, 35, 'Depend upon problem '),
(56, 46, 36, '299/-'),
(57, 46, 37, 'Depend upon problem '),
(58, 47, 27, '199/-'),
(59, 47, 29, '199/-'),
(60, 47, 30, '199/-'),
(61, 47, 31, '199/-'),
(62, 47, 32, '199/-'),
(63, 47, 33, '249/-'),
(64, 47, 34, '999/-  ( Note: price may vary '),
(65, 47, 35, 'Depend upon problem.'),
(66, 47, 36, '299/-'),
(67, 47, 37, 'Depend upon problem. '),
(68, 48, 27, '199/-'),
(69, 48, 29, '199/-'),
(70, 48, 30, '199/-'),
(71, 48, 31, '199/-'),
(72, 48, 32, '199/-'),
(73, 48, 33, '249/-'),
(74, 50, 34, '999/-  ( Note: price may vary '),
(75, 48, 35, 'Depend upon problem.'),
(76, 48, 36, '299/-'),
(77, 48, 37, 'Depend upon problem. '),
(78, 49, 27, '199/-'),
(79, 49, 29, '199/-'),
(80, 49, 30, '199/-'),
(81, 49, 31, '199/-'),
(82, 49, 32, '199/-'),
(83, 49, 33, '249/-'),
(84, 49, 34, '999/-  ( Note: price may vary '),
(85, 49, 35, 'Depend upon problem.'),
(86, 49, 36, '299/-'),
(87, 49, 37, 'Depend upon problem. '),
(88, 50, 27, '199/-'),
(89, 50, 23, '199/-'),
(90, 50, 30, '199/-'),
(91, 50, 31, '199/-'),
(92, 50, 32, '199/-'),
(93, 50, 33, '249/-'),
(94, 50, 34, '999/-  ( Note: price may vary '),
(95, 50, 35, 'Depend upon problem.'),
(96, 50, 36, '299/-'),
(97, 50, 37, 'Depend upon problem. '),
(98, 51, 27, '199/-'),
(99, 51, 29, '199/-'),
(100, 51, 30, '199/-'),
(101, 51, 31, '199/-'),
(102, 51, 32, '199/-'),
(103, 51, 33, '249/-'),
(104, 51, 34, '999/-  ( Note: price may vary '),
(105, 51, 35, 'Depend upon problem.'),
(106, 51, 36, '299/-'),
(107, 51, 37, 'Depend upon problem. '),
(108, 52, 27, '199/-'),
(109, 52, 29, '199/-'),
(110, 52, 30, '199/-'),
(111, 52, 31, '199/-'),
(112, 52, 32, '199/-'),
(113, 52, 33, '249/-'),
(114, 52, 34, '999/-  ( Note: price may vary '),
(115, 52, 35, 'Depend upon problem.'),
(116, 52, 36, '299/-'),
(117, 52, 37, 'Depend upon problem. '),
(118, 53, 27, 'Depend on model of mobile.'),
(119, 53, 29, 'Depend on model of mobile.'),
(120, 53, 30, 'Depend on model of mobile.'),
(121, 53, 31, 'Depend on model of mobile.'),
(122, 53, 32, 'Depend on model of mobile.'),
(123, 53, 34, 'Depend on model of mobile.'),
(124, 53, 35, 'Depend on model of mobile.'),
(125, 53, 36, 'Depend on model of mobile.'),
(126, 53, 37, 'Depend on model of mobile.'),
(127, 65, 27, '199/-'),
(128, 65, 29, '199/-'),
(129, 65, 30, '199/-'),
(130, 65, 31, '199/-'),
(131, 65, 32, '199/-'),
(132, 65, 33, '249/-'),
(133, 65, 34, '999/-  ( Note: price may vary '),
(134, 65, 35, 'Depend upon problem.'),
(135, 65, 36, '299/-'),
(136, 65, 37, 'Depend upon problem. '),
(137, 66, 27, '199/-'),
(138, 66, 29, '199/-'),
(139, 66, 30, '199/-'),
(140, 66, 31, '199/-'),
(141, 66, 32, '199/-'),
(142, 66, 33, '249/-'),
(143, 66, 34, '999/-  ( Note: price may vary '),
(144, 66, 35, 'Depend upon problem.'),
(145, 66, 36, '299/-'),
(146, 66, 37, 'Depend upon problem. '),
(147, 67, 27, '199/-'),
(148, 67, 29, '199/-'),
(149, 67, 30, '199/-'),
(150, 67, 31, '199/-'),
(151, 67, 32, '199/-'),
(152, 67, 33, '249/-'),
(153, 67, 34, '999/-  ( Note: price may vary '),
(154, 67, 35, 'Depend upon problem.'),
(155, 67, 36, '299/-'),
(156, 67, 37, 'Depend upon problem. '),
(157, 68, 27, '199/-'),
(158, 68, 29, '199/-'),
(159, 68, 30, '199/-'),
(160, 68, 31, '199/-'),
(161, 68, 32, '199/-'),
(162, 68, 33, '249/-'),
(163, 68, 34, '999/-  ( Note: price may vary)'),
(164, 68, 35, 'Depend upon problem.'),
(165, 68, 36, '299/-'),
(166, 68, 37, 'Depend upon problem. '),
(167, 69, 27, '199/-'),
(168, 69, 29, '199/-'),
(169, 69, 30, '199/-'),
(170, 69, 31, '199/-'),
(171, 69, 32, '199/-'),
(172, 69, 33, '249/-'),
(173, 69, 34, '999/-  ( Note: price may vary)'),
(174, 69, 35, 'Depend upon problem.'),
(175, 69, 36, '299/-'),
(176, 69, 37, 'Depend upon problem. '),
(177, 70, 27, '199/-'),
(178, 70, 29, '199/-'),
(179, 70, 30, '199/-'),
(180, 70, 31, '199/-'),
(181, 70, 32, '199/-'),
(182, 70, 33, '249/-'),
(183, 70, 34, '999/-  ( Note: price may vary)'),
(184, 70, 35, 'Depend upon problem.'),
(185, 70, 36, '299/-'),
(186, 70, 37, 'Depend upon problem. '),
(187, 71, 27, '199/-'),
(188, 71, 29, '199/-'),
(189, 71, 30, '199/-'),
(190, 71, 31, '199/-'),
(191, 71, 32, '199/-'),
(192, 71, 33, '249/-'),
(193, 71, 34, '999/-  ( Note: price may vary)'),
(194, 71, 35, 'Depend upon problem.'),
(195, 71, 36, '299/-'),
(196, 71, 37, 'Depend upon problem. '),
(197, 72, 27, '199/-'),
(198, 72, 29, '199/-'),
(199, 72, 30, '199/-'),
(200, 72, 31, '199/-'),
(201, 72, 32, '199/-'),
(202, 72, 33, '249/-'),
(203, 72, 34, '999/-  ( Note: price may vary)'),
(204, 72, 35, 'Depend upon problem.'),
(205, 72, 36, '299/-'),
(206, 72, 37, 'Depend upon problem. '),
(207, 73, 27, '199/-'),
(208, 73, 29, '199/-'),
(209, 73, 30, '199/-'),
(210, 73, 31, '199/-'),
(211, 73, 32, '199/-'),
(212, 73, 33, '249/-'),
(213, 73, 34, '999/-  ( Note: price may vary)'),
(214, 73, 35, 'Depend upon problem.'),
(215, 73, 36, '299/-'),
(216, 73, 37, 'Depend upon problem. '),
(217, 74, 27, '199/-'),
(218, 74, 29, '199/-'),
(219, 74, 30, '199/-'),
(220, 74, 31, '199/-'),
(221, 74, 32, '199/-'),
(222, 74, 33, '249/-'),
(223, 74, 34, '999/-  ( Note: price may vary)'),
(224, 74, 35, 'Depend upon problem.'),
(225, 74, 36, '299/-'),
(226, 74, 37, 'Depend upon problem. '),
(227, 75, 27, 'Depend on model of mobile.'),
(228, 75, 29, 'Depend on model of mobile.'),
(229, 75, 30, 'Depend on model of mobile.'),
(230, 75, 31, 'Depend on model of mobile.'),
(231, 75, 32, 'Depend on model of mobile.'),
(232, 75, 33, 'Depend on model of mobile.'),
(233, 75, 34, 'Depend on model of mobile.'),
(234, 75, 35, 'Depend on model of mobile.'),
(235, 75, 36, 'Depend on model of mobile.'),
(236, 75, 37, 'Depend upon problem. '),
(237, 76, 27, '199/-'),
(238, 76, 29, '199/-'),
(239, 76, 30, '199/-'),
(240, 76, 31, '199/-'),
(241, 76, 32, '199/-'),
(242, 76, 33, '249/-'),
(243, 76, 34, '999/-  ( Note: price may vary)'),
(244, 76, 35, 'Depend upon problem.'),
(245, 76, 36, '299/-'),
(246, 76, 37, 'Depend upon problem. '),
(247, 77, 27, '199/-'),
(248, 77, 29, '199/-'),
(249, 77, 30, '199/-'),
(250, 77, 31, '199/-'),
(251, 77, 32, '199/-'),
(252, 77, 33, '249/-'),
(253, 77, 34, '999/-  ( Note: price may vary)'),
(254, 77, 35, 'Depend upon problem.'),
(255, 77, 36, '299/-'),
(256, 77, 37, 'Depend upon problem. '),
(257, 78, 27, '199/-'),
(258, 78, 29, '199/-'),
(259, 78, 30, '199/-'),
(260, 78, 31, '199/-'),
(261, 78, 32, '199/-'),
(262, 78, 33, '249/-'),
(263, 78, 34, '999/-  ( Note: price may vary)'),
(264, 78, 35, 'Depend upon problem.'),
(265, 78, 36, '299/-'),
(266, 78, 37, 'Depend upon problem. '),
(267, 79, 27, '199/-'),
(268, 79, 29, '199/-'),
(269, 79, 30, '199/-'),
(270, 79, 31, '199/-'),
(271, 79, 32, '199/-'),
(272, 79, 33, '249/-'),
(273, 79, 34, '999/-  ( Note: price may vary)'),
(274, 79, 35, 'Depend upon problem.'),
(275, 79, 36, '299/-'),
(276, 79, 37, 'Depend upon problem. '),
(277, 80, 27, '199/-'),
(278, 80, 29, '199/-'),
(279, 80, 30, '199/-'),
(280, 80, 31, '199/-'),
(281, 80, 32, '199/-'),
(282, 80, 33, '249/-'),
(283, 80, 34, '999/-  ( Note: price may vary)'),
(284, 80, 35, 'Depend upon problem.'),
(285, 80, 36, '299/-'),
(286, 80, 37, 'Depend upon problem. '),
(287, 81, 27, '199/-'),
(288, 81, 29, '199/-'),
(289, 81, 30, '199/-'),
(290, 81, 31, '199/-'),
(291, 81, 32, '199/-'),
(292, 81, 33, '249/-'),
(293, 81, 34, '999/-  ( Note: price may vary)'),
(294, 81, 35, 'Depend upon problem.'),
(295, 81, 36, '299/-'),
(296, 81, 37, 'Depend upon problem. '),
(297, 82, 27, '199/-'),
(298, 82, 29, '199/-'),
(299, 82, 30, '199/-'),
(300, 82, 31, '199/-'),
(301, 82, 32, '199/-'),
(302, 82, 33, '249/-'),
(303, 82, 1, '999/-  ( Note: price may vary)'),
(304, 82, 35, 'Depend upon problem.'),
(305, 82, 36, '299/-'),
(306, 82, 37, 'Depend upon problem. '),
(307, 83, 27, '199/-'),
(308, 83, 29, '199/-'),
(309, 83, 30, '199/-'),
(310, 83, 31, '199/-'),
(311, 83, 32, '199/-'),
(312, 83, 33, '249/-'),
(313, 83, 34, '999/-  ( Note: price may vary)'),
(314, 83, 35, 'Depend upon problem.'),
(315, 83, 36, '299/-'),
(316, 83, 37, 'Depend upon problem. '),
(317, 84, 27, '199/-'),
(318, 84, 29, '199/-'),
(319, 84, 30, '199/-'),
(320, 84, 31, '199/-'),
(321, 84, 32, '199/-'),
(322, 84, 33, '249/-'),
(323, 84, 34, '999/-  ( Note: price may vary)'),
(324, 84, 35, 'Depend upon problem.'),
(325, 84, 36, '299/-'),
(326, 84, 37, 'Depend upon problem. '),
(327, 85, 27, '199/-'),
(328, 85, 29, '199/-'),
(329, 85, 30, '199/-'),
(330, 85, 31, '199/-'),
(331, 85, 32, '199/-'),
(332, 85, 33, '249/-'),
(333, 85, 34, '999/-  ( Note: price may vary)'),
(334, 85, 35, 'Depend upon problem.'),
(335, 85, 36, '299/-'),
(336, 85, 37, 'Depend upon problem. '),
(337, 86, 27, 'Depend on model of mobile.'),
(338, 86, 29, 'Depend on model of mobile.'),
(339, 86, 30, 'Depend on model of mobile.'),
(340, 86, 31, 'Depend on model of mobile.'),
(341, 86, 32, 'Depend on model of mobile.'),
(342, 86, 33, 'Depend on model of mobile.'),
(343, 86, 34, 'Depend on model of mobile.'),
(344, 86, 35, 'Depend on model of mobile.'),
(345, 86, 36, 'Depend on model of mobile.'),
(346, 86, 37, 'Depend upon problem. '),
(347, 87, 27, '199/-'),
(348, 87, 29, '199/-'),
(349, 87, 31, '199/-'),
(350, 87, 32, '199/-'),
(351, 87, 33, '249/-'),
(352, 87, 34, '999/-  ( Note: price may vary)'),
(353, 87, 35, 'Depend upon problem.'),
(354, 87, 36, '299/-'),
(355, 87, 37, 'Depend upon problem. '),
(356, 88, 27, '199/-'),
(357, 88, 29, '199/-'),
(358, 88, 30, '199/-'),
(359, 88, 31, '199/-'),
(360, 88, 32, '199/-'),
(361, 88, 33, '249/-'),
(362, 88, 34, '999/-  ( Note: price may vary)'),
(363, 88, 35, 'Depend upon problem.'),
(364, 88, 36, '299/-'),
(365, 88, 37, 'Depend upon problem. '),
(366, 89, 27, '199/-'),
(367, 89, 29, '199/-'),
(368, 89, 30, '199/-'),
(369, 89, 31, '199/-'),
(370, 89, 32, '199/-'),
(371, 89, 33, '249/-'),
(372, 89, 34, '999/-  ( Note: price may vary)'),
(373, 89, 35, 'Depend upon problem.'),
(374, 89, 36, '299/-'),
(375, 89, 37, 'Depend upon problem. '),
(376, 90, 27, '199/-'),
(377, 90, 29, '199/-'),
(378, 90, 30, '199/-'),
(379, 90, 31, '199/-'),
(380, 90, 32, '199/-'),
(381, 90, 33, '249/-'),
(382, 90, 34, '999/-  ( Note: price may vary)'),
(383, 90, 35, 'Depend upon problem.'),
(384, 90, 36, '299/-'),
(385, 90, 37, 'Depend upon problem. '),
(386, 91, 27, '199/-'),
(387, 91, 29, '199/-'),
(388, 91, 30, '199/-'),
(389, 91, 31, '199/-'),
(390, 91, 32, '199/-'),
(391, 91, 33, '249/-'),
(392, 91, 34, '999/-  ( Note: price may vary)'),
(393, 91, 35, 'Depend upon problem.'),
(394, 91, 36, '299/-'),
(395, 91, 37, 'Depend upon problem. '),
(396, 92, 27, '199/-'),
(397, 92, 29, '199/-'),
(398, 92, 30, '199/-'),
(399, 92, 31, '199/-'),
(400, 92, 32, '199/-'),
(401, 92, 33, '249/-'),
(402, 92, 34, '999/-  ( Note: price may vary)'),
(403, 92, 35, 'Depend upon problem.'),
(404, 92, 36, '299/-'),
(405, 92, 37, 'Depend upon problem. '),
(406, 93, 27, '199/-'),
(407, 93, 29, '199/-'),
(408, 93, 30, '199/-'),
(409, 93, 31, '199/-'),
(410, 93, 32, '199/-'),
(411, 93, 33, '249/-'),
(412, 93, 34, '999/-  ( Note: price may vary)'),
(413, 93, 35, 'Depend upon problem.'),
(414, 93, 36, '299/-'),
(415, 93, 37, 'Depend upon problem. '),
(416, 94, 27, '199/-'),
(417, 94, 29, '199/-'),
(418, 94, 30, '199/-'),
(419, 94, 31, '199/-'),
(420, 94, 32, '199/-'),
(421, 94, 33, '249/-'),
(422, 94, 34, '999/-  ( Note: price may vary)'),
(423, 94, 35, 'Depend upon problem.'),
(424, 94, 36, '299/-'),
(425, 94, 37, 'Depend upon problem. '),
(426, 95, 27, '199/-'),
(427, 95, 29, '199/-'),
(428, 95, 30, '199/-'),
(429, 95, 31, '199/-'),
(430, 95, 32, '199/-'),
(431, 95, 33, '249/-'),
(432, 95, 34, '999/-  ( Note: price may vary)'),
(433, 95, 35, 'Depend upon problem.'),
(434, 95, 36, '299/-'),
(435, 95, 37, 'Depend upon problem. '),
(436, 96, 27, '199/-'),
(437, 96, 29, '199/-'),
(438, 96, 30, '199/-'),
(439, 96, 31, '199/-'),
(440, 96, 32, '199/-'),
(441, 96, 33, '249/-'),
(442, 96, 34, '999/-  ( Note: price may vary)'),
(443, 96, 35, 'Depend upon problem.'),
(444, 96, 36, '299/-'),
(445, 96, 37, 'Depend upon problem. '),
(446, 97, 27, 'Depend on model of mobile.'),
(447, 97, 29, 'Depend on model of mobile.'),
(448, 97, 30, 'Depend on model of mobile.'),
(449, 97, 31, 'Depend on model of mobile.'),
(450, 97, 32, 'Depend on model of mobile.'),
(451, 97, 33, 'Depend on model of mobile.'),
(452, 97, 34, 'Depend on model of mobile.'),
(453, 97, 35, 'Depend on model of mobile.'),
(454, 97, 36, 'Depend on model of mobile.'),
(455, 97, 37, 'Depend upon problem. '),
(456, 98, 27, '199/-'),
(457, 98, 29, '199/-'),
(458, 98, 30, '199/-'),
(459, 98, 31, '199/-'),
(460, 98, 32, '199/-'),
(461, 98, 33, '249/-'),
(462, 98, 34, '999/-  ( Note: price may vary)'),
(463, 98, 35, 'Depend upon problem.'),
(464, 98, 36, '299/-'),
(465, 98, 37, 'Depend upon problem. '),
(466, 99, 27, '199/-'),
(467, 99, 29, '199/-'),
(468, 99, 30, '199/-'),
(469, 99, 31, '199/-'),
(470, 99, 32, '199/-'),
(471, 99, 33, '249/-'),
(472, 99, 34, '999/-  ( Note: price may vary)'),
(473, 99, 35, 'Depend upon problem.'),
(474, 99, 36, '299/-'),
(475, 99, 37, 'Depend upon problem. '),
(476, 100, 27, '199/-'),
(477, 100, 29, '199/-'),
(478, 100, 30, '199/-'),
(479, 100, 31, '199/-'),
(480, 100, 32, '199/-'),
(481, 100, 33, '249/-'),
(482, 100, 34, '999/-  ( Note: price may vary)'),
(483, 100, 35, 'Depend upon problem.'),
(484, 100, 36, '299/-'),
(485, 100, 37, 'Depend upon problem. '),
(486, 101, 27, '199/-'),
(487, 101, 29, '199/-'),
(488, 101, 30, '199/-'),
(489, 101, 31, '199/-'),
(490, 101, 32, '199/-'),
(491, 101, 33, '249/-'),
(492, 101, 34, '999/-  ( Note: price may vary)'),
(493, 101, 35, 'Depend upon problem.'),
(494, 101, 36, '299/-'),
(495, 101, 37, 'Depend upon problem. '),
(496, 102, 27, '199/-'),
(497, 102, 29, '199/-'),
(498, 102, 30, '199/-'),
(499, 102, 31, '199/-'),
(500, 103, 32, '199/-'),
(501, 102, 33, '249/-'),
(502, 102, 34, '999/-  ( Note: price may vary)'),
(503, 102, 35, 'Depend upon problem.'),
(504, 102, 36, '299/-'),
(505, 102, 37, 'Depend upon problem. '),
(506, 103, 27, '199/-'),
(507, 103, 29, '199/-'),
(508, 103, 30, '199/-'),
(509, 103, 31, '199/-'),
(510, 103, 32, '199/-'),
(511, 103, 33, '249/-'),
(512, 103, 34, '999/-  ( Note: price may vary)'),
(513, 103, 35, 'Depend upon problem.'),
(514, 103, 36, '299/-'),
(515, 103, 37, 'Depend upon problem. '),
(516, 7, 19, '199/-'),
(517, 16, 19, '499/-'),
(518, 16, 19, '499/-'),
(519, 16, 15, '199/-'),
(520, 104, 27, '199/-'),
(521, 104, 29, '199/-'),
(522, 104, 30, '199/-'),
(523, 104, 31, '199/-'),
(524, 104, 32, '199/-'),
(525, 104, 33, '249/-'),
(526, 104, 34, '999/-  ( Note: price may vary)'),
(527, 104, 35, 'Depend upon problem.'),
(528, 104, 36, '299/-'),
(529, 104, 37, 'Depend upon problem. '),
(530, 105, 27, '199/-'),
(531, 105, 29, '199/-'),
(532, 105, 30, '199/-'),
(533, 105, 31, '199/-'),
(534, 105, 32, '199/-'),
(535, 105, 33, '249/-'),
(536, 105, 34, '999/-  ( Note: price may vary)'),
(537, 105, 35, 'Depend upon problem.'),
(538, 105, 36, '299/-'),
(539, 105, 37, 'Depend upon problem. '),
(540, 106, 27, '199/-'),
(541, 106, 29, '199/-'),
(542, 106, 30, '199/-'),
(543, 106, 31, '199/-'),
(544, 106, 32, '199/-'),
(545, 106, 33, '249/-'),
(546, 106, 34, '999/-  ( Note: price may vary)'),
(547, 106, 35, 'Depend upon problem.'),
(548, 106, 36, '299/-'),
(549, 106, 37, 'Depend upon problem. '),
(550, 452, 27, '199/-'),
(551, 452, 29, '199/-'),
(552, 452, 30, '199/-'),
(553, 452, 31, '199/-'),
(554, 452, 32, '199/-'),
(555, 452, 33, '249/-'),
(556, 452, 34, '999/-  ( Note: price may vary)'),
(557, 452, 35, 'Depend upon problem.'),
(558, 452, 36, '299/-'),
(559, 452, 37, 'Depend upon problem. '),
(560, 107, 27, '199/-'),
(561, 107, 29, '199/-'),
(562, 107, 30, '199/-'),
(563, 107, 31, '199/-'),
(564, 107, 32, '199/-'),
(565, 107, 33, '249/-'),
(566, 107, 34, '999/-  ( Note: price may vary)'),
(567, 107, 35, 'Depend upon problem.'),
(568, 107, 36, '299/-'),
(569, 107, 37, 'Depend upon problem. '),
(570, 108, 27, 'Depend on model of mobile.'),
(571, 108, 29, 'Depend on model of mobile.'),
(572, 108, 30, 'Depend on model of mobile.'),
(573, 108, 31, 'Depend on model of mobile.'),
(574, 108, 32, 'Depend on model of mobile.'),
(575, 108, 33, 'Depend on model of mobile.'),
(576, 108, 34, 'Depend on model of mobile.'),
(577, 108, 35, 'Depend on model of mobile.'),
(578, 108, 36, 'Depend on model of mobile.'),
(579, 108, 37, 'Depend upon problem. '),
(580, 128, 27, '199/-'),
(581, 128, 29, '199/-'),
(582, 128, 30, '199/-'),
(583, 128, 31, '199/-'),
(584, 128, 32, '199/-'),
(585, 128, 33, '249/-'),
(586, 128, 34, '999/-  ( Note: price may vary)'),
(587, 128, 35, 'Depend upon problem.'),
(588, 128, 36, '299/-'),
(589, 128, 37, 'Depend upon problem. '),
(590, 129, 27, '199/-'),
(591, 129, 29, '199/-'),
(592, 129, 30, '199/-'),
(593, 129, 31, '199/-'),
(594, 129, 32, '199/-'),
(595, 129, 33, '249/-'),
(596, 129, 34, '999/-  ( Note: price may vary)'),
(597, 129, 35, 'Depend upon problem.'),
(598, 129, 36, '299/-'),
(599, 129, 37, 'Depend upon problem. '),
(600, 130, 27, '199/-'),
(601, 130, 29, '199/-'),
(602, 130, 30, '199/-'),
(603, 130, 31, '199/-'),
(604, 130, 32, '199/-'),
(605, 130, 33, '249/-'),
(606, 130, 34, '999/-  ( Note: price may vary)'),
(607, 130, 35, 'Depend upon problem.'),
(608, 130, 36, '299/-'),
(609, 130, 37, 'Depend upon problem. '),
(610, 131, 27, '199/-'),
(611, 131, 29, '199/-'),
(612, 131, 30, '199/-'),
(613, 131, 31, '199/-'),
(614, 131, 32, '199/-'),
(615, 131, 33, '249/-'),
(616, 131, 34, '999/-  ( Note: price may vary)'),
(617, 131, 35, 'Depend upon problem.'),
(618, 131, 36, '299/-'),
(619, 131, 37, 'Depend upon problem. '),
(620, 132, 27, '199/-'),
(621, 132, 29, '199/-'),
(622, 132, 30, '199/-'),
(623, 132, 31, '199/-'),
(624, 132, 32, '199/-'),
(625, 132, 33, '249/-'),
(626, 132, 34, '999/-  ( Note: price may vary)'),
(627, 132, 35, 'Depend upon problem.'),
(628, 132, 36, '299/-'),
(629, 132, 37, 'Depend upon problem. '),
(630, 133, 27, '199/-'),
(631, 133, 29, '199/-'),
(632, 133, 30, '199/-'),
(633, 133, 31, '199/-'),
(634, 133, 32, '199/-'),
(635, 133, 33, '249/-'),
(636, 133, 34, '999/-  ( Note: price may vary)'),
(637, 133, 35, 'Depend upon problem.'),
(638, 133, 36, '299/-'),
(639, 133, 37, 'Depend upon problem. '),
(640, 134, 27, '199/-'),
(641, 134, 29, '199/-'),
(642, 134, 30, '199/-'),
(643, 134, 31, '199/-'),
(644, 134, 32, '199/-'),
(645, 134, 33, '249/-'),
(646, 134, 34, '999/-  ( Note: price may vary)'),
(647, 134, 35, 'Depend upon problem.'),
(648, 134, 36, '299/-'),
(649, 134, 37, 'Depend upon problem. '),
(650, 135, 27, '199/-'),
(651, 135, 29, '199/-'),
(652, 135, 30, '199/-'),
(653, 135, 31, '199/-'),
(654, 135, 32, '199/-'),
(655, 135, 33, '249/-'),
(656, 135, 34, '999/-  ( Note: price may vary)'),
(657, 135, 35, 'Depend upon problem.'),
(658, 135, 36, '299/-'),
(659, 135, 37, 'Depend upon problem. '),
(660, 136, 27, '199/-'),
(661, 136, 29, '199/-'),
(662, 136, 30, '199/-'),
(663, 136, 31, '199/-'),
(664, 136, 32, '199/-'),
(665, 136, 35, '249/-'),
(666, 136, 36, '999/-  ( Note: price may vary)'),
(667, 136, 37, 'Depend upon problem.'),
(668, 137, 27, '199/-'),
(669, 137, 29, '199/-'),
(670, 137, 30, '199/-'),
(671, 137, 31, '199/-'),
(672, 137, 32, '199/-'),
(673, 137, 33, '249/-'),
(674, 137, 34, '999/-  ( Note: price may vary)'),
(675, 137, 35, 'Depend upon problem.'),
(676, 137, 36, '299/-'),
(677, 137, 37, 'Depend upon problem. '),
(678, 138, 27, 'Depend on model of mobile.'),
(679, 138, 29, 'Depend on model of mobile.'),
(680, 138, 30, 'Depend on model of mobile.'),
(681, 138, 31, 'Depend on model of mobile.'),
(682, 138, 32, 'Depend on model of mobile.'),
(683, 138, 33, 'Depend on model of mobile.'),
(684, 138, 34, 'Depend on model of mobile.'),
(685, 138, 35, 'Depend on model of mobile.'),
(686, 138, 36, 'Depend on model of mobile.'),
(687, 138, 37, 'Depend upon problem. '),
(688, 150, 27, '199/-'),
(689, 150, 29, '199/-'),
(690, 150, 30, '199/-'),
(691, 150, 31, '199/-'),
(692, 150, 32, '199/-'),
(693, 150, 33, '249/-'),
(694, 150, 34, '999/-  ( Note: price may vary)'),
(695, 150, 35, 'Depend upon problem.'),
(696, 150, 36, '299/-'),
(697, 150, 37, 'Depend upon problem. '),
(698, 151, 27, '199/-'),
(699, 151, 29, '199/-'),
(700, 151, 30, '199/-'),
(701, 151, 31, '199/-'),
(702, 151, 32, '199/-'),
(703, 151, 33, '249/-'),
(704, 151, 34, '999/-  ( Note: price may vary)'),
(705, 151, 35, 'Depend upon problem.'),
(706, 151, 36, '299/-'),
(707, 151, 37, 'Depend upon problem. '),
(708, 152, 27, 'Depend on model of mobile.'),
(709, 152, 29, 'Depend on model of mobile.'),
(710, 152, 30, 'Depend on model of mobile.'),
(711, 152, 31, 'Depend on model of mobile.'),
(712, 152, 32, 'Depend on model of mobile.'),
(713, 152, 33, 'Depend on model of mobile.'),
(714, 152, 34, 'Depend on model of mobile.'),
(715, 152, 35, 'Depend on model of mobile.'),
(716, 152, 36, 'Depend on model of mobile.'),
(717, 152, 37, 'Depend upon problem. '),
(718, 153, 27, '199/-'),
(719, 153, 29, '199/-'),
(720, 153, 30, '199/-'),
(721, 153, 31, '199/-'),
(722, 153, 32, '199/-'),
(723, 153, 33, '249/-'),
(724, 164, 34, '999/-  ( Note: price may vary)'),
(725, 153, 35, 'Depend upon problem.'),
(726, 153, 36, '299/-'),
(727, 153, 37, 'Depend upon problem. '),
(728, 154, 27, '199/-'),
(729, 154, 29, '199/-'),
(730, 154, 30, '199/-'),
(731, 165, 31, '199/-'),
(732, 154, 32, '199/-'),
(733, 165, 33, '249/-'),
(734, 154, 34, '999/-  ( Note: price may vary)'),
(735, 165, 35, 'Depend upon problem.'),
(736, 154, 36, '299/-'),
(737, 165, 37, 'Depend upon problem. '),
(738, 166, 27, '199/-'),
(739, 155, 29, '199/-'),
(740, 166, 30, '199/-'),
(741, 155, 31, '199/-'),
(742, 155, 32, '199/-'),
(743, 155, 33, '249/-'),
(744, 166, 34, '999/-  ( Note: price may vary)'),
(745, 166, 35, 'Depend upon problem.'),
(746, 155, 36, '299/-'),
(747, 166, 37, 'Depend upon problem. '),
(748, 167, 27, '199/-'),
(749, 156, 29, '199/-'),
(750, 167, 30, '199/-'),
(751, 167, 31, '199/-'),
(752, 167, 32, '199/-'),
(753, 167, 33, '249/-'),
(754, 156, 34, '999/-  ( Note: price may vary)'),
(755, 156, 35, 'Depend upon problem.'),
(756, 156, 36, '299/-'),
(757, 167, 37, 'Depend upon problem. '),
(758, 168, 27, '199/-'),
(759, 157, 29, '199/-'),
(760, 168, 30, '199/-'),
(761, 157, 31, '199/-'),
(762, 157, 32, '199/-'),
(763, 157, 33, '249/-'),
(764, 168, 34, '999/-  ( Note: price may vary)'),
(765, 157, 35, 'Depend upon problem.'),
(766, 157, 36, '299/-'),
(767, 157, 37, 'Depend upon problem. '),
(768, 158, 27, '199/-'),
(769, 158, 29, '199/-'),
(770, 158, 30, '199/-'),
(771, 158, 31, '199/-'),
(772, 158, 32, '199/-'),
(773, 170, 33, '249/-'),
(774, 158, 34, '999/-  ( Note: price may vary)'),
(775, 170, 35, 'Depend upon problem.'),
(776, 170, 36, '299/-'),
(777, 158, 37, 'Depend upon problem. '),
(778, 169, 27, '199/-'),
(779, 169, 29, '199/-'),
(780, 159, 30, '199/-'),
(781, 159, 31, '199/-'),
(782, 159, 32, '199/-'),
(783, 159, 33, '249/-'),
(784, 159, 34, '999/-  ( Note: price may vary)'),
(785, 159, 35, 'Depend upon problem.'),
(786, 159, 36, '299/-'),
(787, 159, 37, 'Depend upon problem. '),
(788, 160, 27, '199/-'),
(789, 160, 29, '199/-'),
(790, 160, 30, '199/-'),
(791, 160, 31, '199/-'),
(792, 160, 32, '199/-'),
(793, 160, 33, '249/-'),
(794, 160, 34, '999/-  ( Note: price may vary)'),
(795, 160, 35, 'Depend upon problem.'),
(796, 160, 36, '299/-'),
(797, 160, 37, 'Depend upon problem. '),
(798, 161, 27, '199/-'),
(799, 161, 29, '199/-'),
(800, 161, 30, '199/-'),
(801, 172, 31, '199/-'),
(802, 161, 32, '199/-'),
(803, 172, 33, '249/-'),
(804, 161, 34, '999/-  ( Note: price may vary)'),
(805, 161, 35, 'Depend upon problem.'),
(806, 161, 36, '299/-'),
(807, 161, 37, 'Depend upon problem. '),
(808, 162, 27, '199/-'),
(809, 162, 29, '199/-'),
(810, 162, 30, '199/-'),
(811, 162, 31, '199/-'),
(812, 162, 32, '199/-'),
(813, 162, 33, '249/-'),
(814, 162, 34, '999/-  ( Note: price may vary)'),
(815, 162, 35, 'Depend upon problem.'),
(816, 162, 36, '299/-'),
(817, 162, 37, 'Depend upon problem. '),
(818, 163, 27, 'Depend on model of mobile.'),
(819, 163, 29, 'Depend on model of mobile.'),
(820, 163, 30, 'Depend on model of mobile.'),
(821, 163, 31, 'Depend on model of mobile.'),
(822, 163, 32, 'Depend on model of mobile.'),
(823, 163, 33, 'Depend on model of mobile.'),
(824, 163, 34, 'Depend on model of mobile.'),
(825, 163, 35, 'Depend on model of mobile.'),
(826, 163, 36, 'Depend on model of mobile.'),
(827, 163, 37, 'Depend upon problem. '),
(828, 175, 27, '199/-'),
(829, 175, 29, '199/-'),
(830, 175, 30, '199/-'),
(831, 175, 31, '199/-'),
(832, 175, 32, '199/-'),
(833, 175, 33, '249/-'),
(834, 175, 34, '999/-  ( Note: price may vary)'),
(835, 175, 35, 'Depend upon problem.'),
(836, 175, 36, '299/-'),
(837, 175, 37, 'Depend upon problem. '),
(838, 176, 27, '199/-'),
(839, 176, 29, '199/-'),
(840, 176, 30, '199/-'),
(841, 176, 31, '199/-'),
(842, 176, 32, '199/-'),
(843, 176, 33, '249/-'),
(844, 176, 34, '999/-  ( Note: price may vary)'),
(845, 176, 35, 'Depend upon problem.'),
(846, 176, 36, '299/-'),
(847, 176, 37, 'Depend upon problem. '),
(848, 177, 27, '199/-'),
(849, 177, 29, '199/-'),
(850, 177, 30, '199/-'),
(851, 177, 31, '199/-'),
(852, 177, 32, '199/-'),
(853, 177, 33, '249/-'),
(854, 177, 34, '999/-  ( Note: price may vary)'),
(855, 177, 35, 'Depend upon problem.'),
(856, 177, 36, '299/-'),
(857, 177, 37, 'Depend upon problem. '),
(858, 178, 27, '199/-'),
(859, 178, 29, '199/-'),
(860, 178, 30, '199/-'),
(861, 178, 31, '199/-'),
(862, 178, 32, '199/-'),
(863, 178, 33, '249/-'),
(864, 178, 34, '999/-  ( Note: price may vary)'),
(865, 178, 35, 'Depend upon problem.'),
(866, 178, 36, '299/-'),
(867, 178, 37, 'Depend upon problem. '),
(868, 179, 27, '199/-'),
(869, 179, 29, '199/-'),
(870, 179, 30, '199/-'),
(871, 179, 31, '199/-'),
(872, 179, 32, '199/-'),
(873, 179, 33, '249/-'),
(874, 179, 34, '999/-  ( Note: price may vary)'),
(875, 179, 35, 'Depend upon problem.'),
(876, 179, 36, '299/-'),
(877, 179, 37, 'Depend upon problem. '),
(878, 180, 27, '199/-'),
(879, 180, 29, '199/-'),
(880, 180, 30, '199/-'),
(881, 180, 31, '199/-'),
(882, 180, 32, '199/-'),
(883, 180, 33, '249/-'),
(884, 180, 34, '999/-  ( Note: price may vary)'),
(885, 180, 35, 'Depend upon problem.'),
(886, 180, 36, '299/-'),
(887, 180, 37, 'Depend upon problem. '),
(888, 181, 27, '199/-'),
(889, 181, 29, '199/-'),
(890, 181, 30, '199/-'),
(891, 181, 31, '199/-'),
(892, 181, 32, '199/-'),
(893, 181, 33, '249/-'),
(894, 181, 34, '999/-  ( Note: price may vary)'),
(895, 181, 35, 'Depend upon problem.'),
(896, 181, 36, '299/-'),
(897, 181, 37, 'Depend upon problem. '),
(898, 182, 27, '199/-'),
(899, 182, 29, '199/-'),
(900, 182, 30, '199/-'),
(901, 182, 31, '199/-'),
(902, 182, 32, '199/-'),
(903, 182, 33, '249/-'),
(904, 182, 34, '999/-  ( Note: price may vary)'),
(905, 182, 35, 'Depend upon problem.'),
(906, 182, 36, '299/-'),
(907, 182, 37, 'Depend upon problem. '),
(908, 183, 27, '199/-'),
(909, 183, 29, '199/-'),
(910, 183, 30, '199/-'),
(911, 183, 31, '199/-'),
(912, 183, 32, '199/-'),
(913, 183, 33, '249/-'),
(914, 183, 34, '999/-  ( Note: price may vary)'),
(915, 183, 35, 'Depend upon problem.'),
(916, 183, 36, '299/-'),
(917, 183, 37, 'Depend upon problem. '),
(918, 184, 27, '199/-'),
(919, 184, 29, '199/-'),
(920, 184, 30, '199/-'),
(921, 184, 31, '199/-'),
(922, 184, 32, '199/-'),
(923, 184, 33, '249/-'),
(924, 184, 34, '999/-  ( Note: price may vary)'),
(925, 184, 35, 'Depend upon problem.'),
(926, 184, 36, '299/-'),
(927, 184, 37, 'Depend upon problem. '),
(928, 185, 27, 'Depend on model of mobile.'),
(929, 185, 29, 'Depend on model of mobile.'),
(930, 185, 30, 'Depend on model of mobile.'),
(931, 185, 32, 'Depend on model of mobile.'),
(932, 185, 33, 'Depend on model of mobile.'),
(933, 185, 34, 'Depend on model of mobile.'),
(934, 185, 35, 'Depend on model of mobile.'),
(935, 185, 36, 'Depend on model of mobile.'),
(936, 185, 37, 'Depend upon problem. '),
(937, 190, 27, '199/-'),
(938, 190, 29, '199/-'),
(939, 190, 30, '199/-'),
(940, 190, 31, '199/-'),
(941, 190, 32, '199/-'),
(942, 190, 33, '249/-'),
(943, 190, 34, '999/-  ( Note: price may vary)'),
(944, 190, 35, 'Depend upon problem.'),
(945, 190, 36, '299/-'),
(946, 190, 37, 'Depend upon problem. '),
(947, 191, 27, '199/-'),
(948, 191, 29, '199/-'),
(949, 191, 30, '199/-'),
(950, 191, 31, '199/-'),
(951, 191, 32, '199/-'),
(952, 191, 33, '249/-'),
(953, 191, 34, '999/-  ( Note: price may vary)'),
(954, 191, 35, 'Depend upon problem.'),
(955, 191, 36, '299/-'),
(956, 191, 37, 'Depend upon problem. '),
(957, 192, 27, '199/-'),
(958, 192, 29, '199/-'),
(959, 192, 30, '199/-'),
(960, 192, 31, '199/-'),
(961, 192, 32, '199/-'),
(962, 192, 33, '249/-'),
(963, 192, 34, '999/-  ( Note: price may vary)'),
(964, 192, 35, 'Depend upon problem.'),
(965, 192, 36, '299/-'),
(966, 192, 37, 'Depend upon problem. '),
(967, 193, 27, '199/-'),
(968, 193, 29, '199/-'),
(969, 193, 30, '199/-'),
(970, 193, 31, '199/-'),
(971, 193, 32, '199/-'),
(972, 193, 33, '249/-'),
(973, 193, 34, '999/-  ( Note: price may vary)'),
(974, 193, 35, 'Depend upon problem.'),
(975, 193, 36, '299/-'),
(976, 193, 37, 'Depend upon problem. '),
(977, 194, 27, '199/-'),
(978, 194, 29, '199/-'),
(979, 194, 30, '199/-'),
(980, 194, 31, '199/-'),
(981, 194, 32, '199/-'),
(982, 194, 33, '249/-'),
(983, 194, 34, '999/-  ( Note: price may vary)'),
(984, 194, 35, 'Depend upon problem.'),
(985, 194, 36, '299/-'),
(986, 194, 37, 'Depend upon problem. '),
(987, 195, 27, '199/-'),
(988, 195, 29, '199/-'),
(989, 195, 30, '199/-'),
(990, 195, 31, '199/-'),
(991, 195, 32, '199/-'),
(992, 195, 33, '249/-'),
(993, 195, 34, '999/-  ( Note: price may vary)'),
(994, 195, 35, 'Depend upon problem.'),
(995, 195, 36, '299/-'),
(996, 195, 37, 'Depend upon problem. '),
(997, 196, 27, '199/-'),
(998, 196, 29, '199/-'),
(999, 196, 30, '199/-'),
(1000, 196, 31, '199/-'),
(1001, 196, 32, '199/-'),
(1002, 196, 33, '249/-'),
(1003, 196, 34, '999/-  ( Note: price may vary)'),
(1004, 196, 35, 'Depend upon problem.'),
(1005, 196, 36, '299/-'),
(1006, 196, 37, 'Depend upon problem. '),
(1007, 197, 27, '199/-'),
(1008, 197, 29, '199/-'),
(1009, 197, 30, '199/-'),
(1010, 197, 31, '199/-'),
(1011, 197, 32, '199/-'),
(1012, 197, 33, '249/-'),
(1013, 197, 34, '999/-  ( Note: price may vary)'),
(1014, 197, 35, 'Depend upon problem.'),
(1015, 197, 36, '299/-'),
(1016, 197, 37, 'Depend upon problem. '),
(1017, 198, 27, '199/-'),
(1018, 198, 29, '199/-'),
(1019, 198, 30, '199/-'),
(1020, 198, 31, '199/-'),
(1021, 198, 32, '199/-'),
(1022, 198, 33, '249/-'),
(1023, 198, 34, '999/-  ( Note: price may vary)'),
(1024, 198, 35, 'Depend upon problem.'),
(1025, 198, 36, '299/-'),
(1026, 198, 37, 'Depend upon problem. '),
(1027, 199, 27, '199/-'),
(1028, 199, 29, '199/-'),
(1029, 199, 30, '199/-'),
(1030, 199, 31, '199/-'),
(1031, 199, 32, '199/-'),
(1032, 199, 33, '249/-'),
(1033, 199, 34, '999/-  ( Note: price may vary)'),
(1034, 199, 35, 'Depend upon problem.'),
(1035, 199, 36, '299/-'),
(1036, 199, 37, 'Depend upon problem. '),
(1037, 200, 27, 'Depend on model of mobile.'),
(1038, 200, 29, 'Depend on model of mobile.'),
(1039, 200, 30, 'Depend on model of mobile.'),
(1040, 200, 31, 'Depend on model of mobile.'),
(1041, 200, 32, 'Depend on model of mobile.'),
(1042, 200, 33, 'Depend on model of mobile.'),
(1043, 200, 34, 'Depend on model of mobile.'),
(1044, 200, 35, 'Depend on model of mobile.'),
(1045, 200, 36, 'Depend on model of mobile.'),
(1046, 200, 37, 'Depend upon problem. '),
(1047, 212, 27, '199/-'),
(1048, 212, 29, '199/-'),
(1049, 212, 30, '199/-'),
(1050, 212, 31, '199/-'),
(1051, 212, 32, '199/-'),
(1052, 212, 33, '249/-'),
(1053, 212, 34, '999/-  ( Note: price may vary)'),
(1054, 212, 35, 'Depend upon problem.'),
(1055, 212, 36, '299/-'),
(1056, 212, 37, 'Depend upon problem. '),
(1057, 213, 27, '199/-'),
(1058, 213, 29, '199/-'),
(1059, 213, 30, '199/-'),
(1060, 213, 31, '199/-'),
(1061, 213, 32, '199/-'),
(1062, 213, 33, '249/-'),
(1063, 213, 34, '999/-  ( Note: price may vary)'),
(1064, 213, 35, 'Depend upon problem.'),
(1065, 213, 36, '299/-'),
(1066, 213, 37, 'Depend upon problem. '),
(1067, 214, 27, '199/-'),
(1068, 214, 29, '199/-'),
(1069, 214, 30, '199/-'),
(1070, 214, 31, '199/-'),
(1071, 214, 32, '199/-'),
(1072, 214, 33, '249/-'),
(1073, 214, 34, '999/-  ( Note: price may vary)'),
(1074, 214, 35, 'Depend upon problem.'),
(1075, 214, 36, '299/-'),
(1076, 214, 37, 'Depend upon problem. '),
(1077, 215, 27, '199/-'),
(1078, 215, 29, '199/-'),
(1079, 215, 30, '199/-'),
(1080, 215, 31, '199/-'),
(1081, 215, 32, '199/-'),
(1082, 215, 33, '249/-'),
(1083, 215, 34, '999/-  ( Note: price may vary)'),
(1084, 215, 35, 'Depend upon problem.'),
(1085, 215, 36, '299/-'),
(1086, 215, 37, 'Depend upon problem. '),
(1087, 216, 27, '199/-'),
(1088, 216, 29, '199/-'),
(1089, 216, 30, '199/-'),
(1090, 216, 31, '199/-'),
(1091, 216, 32, '199/-'),
(1092, 216, 33, '249/-'),
(1093, 216, 34, '999/-  ( Note: price may vary)'),
(1094, 216, 35, 'Depend upon problem.'),
(1095, 216, 36, '299/-'),
(1096, 216, 37, 'Depend upon problem. '),
(1097, 217, 27, '199/-'),
(1098, 217, 29, '199/-'),
(1099, 217, 30, '199/-'),
(1100, 217, 31, '199/-'),
(1101, 217, 32, '199/-'),
(1102, 217, 33, '249/-'),
(1103, 217, 34, '999/-  ( Note: price may vary)'),
(1104, 217, 35, 'Depend upon problem.'),
(1105, 217, 36, '299/-'),
(1106, 217, 37, 'Depend upon problem. '),
(1107, 218, 27, '199/-'),
(1108, 218, 29, '199/-'),
(1109, 218, 30, '199/-'),
(1110, 218, 31, '199/-'),
(1111, 218, 32, '199/-'),
(1112, 218, 33, '249/-'),
(1113, 218, 34, '999/-  ( Note: price may vary)'),
(1114, 218, 35, 'Depend upon problem.'),
(1115, 218, 36, '299/-'),
(1116, 218, 37, 'Depend upon problem. '),
(1117, 219, 27, '199/-'),
(1118, 219, 29, '199/-'),
(1119, 219, 30, '199/-'),
(1120, 219, 31, '199/-'),
(1121, 219, 32, '199/-'),
(1122, 219, 33, '249/-'),
(1123, 219, 34, '999/-  ( Note: price may vary)'),
(1124, 219, 35, 'Depend upon problem.'),
(1125, 219, 36, '299/-'),
(1126, 219, 37, 'Depend upon problem. '),
(1127, 220, 27, '199/-'),
(1128, 220, 29, '199/-'),
(1129, 220, 30, '199/-'),
(1130, 220, 31, '199/-'),
(1131, 220, 32, '199/-'),
(1132, 220, 34, '999/-  ( Note: price may vary)'),
(1133, 220, 35, 'Depend upon problem.'),
(1134, 220, 36, '299/-'),
(1135, 220, 37, 'Depend upon problem. '),
(1136, 221, 27, '199/-'),
(1137, 221, 29, '199/-'),
(1138, 221, 30, '199/-'),
(1139, 221, 31, '199/-'),
(1140, 221, 32, '199/-'),
(1141, 221, 33, '249/-'),
(1142, 221, 34, '999/-  ( Note: price may vary)'),
(1143, 221, 35, 'Depend upon problem.'),
(1144, 221, 36, '299/-'),
(1145, 221, 37, 'Depend upon problem. '),
(1146, 222, 27, 'Depend on model of mobile.'),
(1147, 222, 29, 'Depend on model of mobile.'),
(1148, 222, 30, 'Depend on model of mobile.'),
(1149, 222, 31, 'Depend on model of mobile.'),
(1150, 222, 32, 'Depend on model of mobile.'),
(1151, 222, 33, 'Depend on model of mobile.'),
(1152, 222, 34, 'Depend on model of mobile.'),
(1153, 222, 35, 'Depend on model of mobile.'),
(1154, 222, 36, 'Depend on model of mobile.'),
(1155, 222, 37, 'Depend upon problem. '),
(1156, 234, 27, '199/-'),
(1157, 234, 29, '199/-'),
(1158, 234, 30, '199/-'),
(1159, 234, 31, '199/-'),
(1160, 234, 32, '199/-'),
(1161, 234, 33, '249/-'),
(1162, 234, 34, '999/-  ( Note: price may vary)'),
(1163, 234, 35, 'Depend upon problem.'),
(1164, 234, 36, '299/-'),
(1165, 234, 37, 'Depend upon problem. '),
(1166, 235, 27, '199/-'),
(1167, 235, 29, '199/-'),
(1168, 235, 30, '199/-'),
(1169, 235, 31, '199/-'),
(1170, 235, 32, '199/-'),
(1171, 235, 33, '249/-'),
(1172, 235, 34, '999/-  ( Note: price may vary)'),
(1173, 235, 35, 'Depend upon problem.'),
(1174, 235, 36, '299/-'),
(1175, 235, 37, 'Depend upon problem. '),
(1176, 236, 27, '199/-'),
(1177, 236, 29, '199/-'),
(1178, 236, 30, '199/-'),
(1179, 236, 31, '199/-'),
(1180, 236, 32, '199/-'),
(1181, 236, 33, '249/-'),
(1182, 236, 34, '999/-  ( Note: price may vary)'),
(1183, 236, 35, 'Depend upon problem.'),
(1184, 236, 36, '299/-'),
(1185, 236, 37, 'Depend upon problem. '),
(1186, 237, 27, '199/-'),
(1187, 237, 29, '199/-'),
(1188, 237, 30, '199/-'),
(1189, 237, 31, '199/-'),
(1190, 237, 32, '199/-'),
(1191, 237, 33, '249/-'),
(1192, 237, 34, '999/-  ( Note: price may vary)'),
(1193, 237, 35, 'Depend upon problem.'),
(1194, 237, 36, '299/-'),
(1195, 237, 37, 'Depend upon problem. '),
(1196, 238, 27, '199/-'),
(1197, 238, 29, '199/-'),
(1198, 238, 30, '199/-'),
(1199, 238, 31, '199/-'),
(1200, 238, 32, '199/-'),
(1201, 238, 33, '249/-'),
(1202, 238, 34, '999/-  ( Note: price may vary)'),
(1203, 238, 35, 'Depend upon problem.'),
(1204, 238, 36, '299/-'),
(1205, 238, 37, 'Depend upon problem. '),
(1206, 239, 27, '199/-'),
(1207, 239, 29, '199/-'),
(1208, 239, 30, '199/-'),
(1209, 239, 31, '199/-'),
(1210, 239, 32, '199/-'),
(1211, 239, 33, '249/-'),
(1212, 239, 34, '999/-  ( Note: price may vary)'),
(1213, 239, 35, 'Depend upon problem.'),
(1214, 239, 36, '299/-'),
(1215, 239, 37, 'Depend upon problem. '),
(1216, 240, 27, '199/-'),
(1217, 240, 29, '199/-'),
(1218, 240, 30, '199/-'),
(1219, 240, 31, '199/-'),
(1220, 240, 32, '199/-'),
(1221, 240, 33, '249/-'),
(1222, 240, 34, '999/-  ( Note: price may vary)'),
(1223, 240, 35, 'Depend upon problem.'),
(1224, 240, 36, '299/-'),
(1225, 240, 37, 'Depend upon problem. '),
(1226, 241, 27, '199/-'),
(1227, 241, 29, '199/-'),
(1228, 241, 30, '199/-'),
(1229, 241, 31, '199/-'),
(1230, 241, 32, '199/-'),
(1231, 241, 33, '249/-'),
(1232, 241, 34, '999/-  ( Note: price may vary)'),
(1233, 241, 35, 'Depend upon problem.'),
(1234, 241, 36, '299/-'),
(1235, 241, 37, 'Depend upon problem. '),
(1236, 242, 27, '199/-'),
(1237, 242, 29, '199/-'),
(1238, 242, 30, '199/-'),
(1239, 242, 31, '199/-'),
(1240, 242, 32, '199/-'),
(1241, 242, 33, '249/-'),
(1242, 242, 34, '999/-  ( Note: price may vary)'),
(1243, 242, 35, 'Depend upon problem.'),
(1244, 242, 36, '299/-'),
(1245, 242, 37, 'Depend upon problem. '),
(1246, 243, 27, '199/-'),
(1247, 243, 29, '199/-'),
(1248, 243, 30, '199/-'),
(1249, 243, 31, '199/-'),
(1250, 243, 32, '199/-'),
(1251, 243, 33, '249/-'),
(1252, 243, 34, '999/-  ( Note: price may vary)'),
(1253, 243, 35, 'Depend upon problem.'),
(1254, 243, 36, '299/-'),
(1255, 243, 37, 'Depend upon problem. '),
(1256, 244, 27, 'Depend on model of mobile.'),
(1257, 244, 29, 'Depend on model of mobile.'),
(1258, 244, 30, 'Depend on model of mobile.'),
(1259, 244, 31, 'Depend on model of mobile.'),
(1260, 244, 32, 'Depend on model of mobile.'),
(1261, 244, 33, 'Depend on model of mobile.'),
(1262, 244, 34, 'Depend on model of mobile.'),
(1263, 244, 35, 'Depend on model of mobile.'),
(1264, 244, 36, 'Depend on model of mobile.'),
(1265, 244, 37, 'Depend upon problem. '),
(1266, 245, 27, '199/-'),
(1267, 245, 29, '199/-'),
(1268, 245, 30, '199/-'),
(1269, 245, 31, '199/-'),
(1270, 245, 32, '199/-'),
(1271, 245, 33, '249/-'),
(1272, 245, 34, '999/-  ( Note: price may vary)'),
(1273, 245, 35, 'Depend upon problem.'),
(1274, 245, 36, '299/-'),
(1275, 245, 37, 'Depend upon problem. '),
(1276, 246, 27, '199/-'),
(1277, 246, 29, '199/-'),
(1278, 246, 30, '199/-'),
(1279, 246, 31, '199/-'),
(1280, 246, 32, '199/-'),
(1281, 246, 33, '249/-'),
(1282, 246, 34, '999/-  ( Note: price may vary)'),
(1283, 246, 35, 'Depend upon problem.'),
(1284, 246, 36, '299/-'),
(1285, 246, 37, 'Depend upon problem. '),
(1286, 247, 27, '199/-'),
(1287, 247, 29, '199/-'),
(1288, 247, 30, '199/-'),
(1289, 247, 31, '199/-'),
(1290, 247, 32, '199/-'),
(1291, 247, 33, '249/-'),
(1292, 247, 34, '999/-  ( Note: price may vary)'),
(1293, 247, 35, 'Depend upon problem.'),
(1294, 247, 36, '299/-'),
(1295, 247, 37, 'Depend upon problem. '),
(1296, 248, 27, '199/-'),
(1297, 248, 29, '199/-'),
(1298, 248, 30, '199/-'),
(1299, 248, 31, '199/-'),
(1300, 248, 32, '199/-'),
(1301, 248, 33, '249/-'),
(1302, 248, 34, '999/-  ( Note: price may vary)'),
(1303, 248, 35, 'Depend upon problem.'),
(1304, 248, 36, '299/-'),
(1305, 248, 37, 'Depend upon problem. '),
(1306, 249, 27, '199/-'),
(1307, 249, 29, '199/-'),
(1308, 249, 30, '199/-'),
(1309, 249, 31, '199/-'),
(1310, 249, 32, '199/-'),
(1311, 249, 33, '249/-'),
(1312, 249, 34, '999/-  ( Note: price may vary)'),
(1313, 249, 35, 'Depend upon problem.'),
(1314, 249, 36, '299/-'),
(1315, 249, 37, 'Depend upon problem. '),
(1316, 250, 27, '199/-'),
(1317, 250, 29, '199/-'),
(1318, 250, 30, '199/-'),
(1319, 250, 31, '199/-'),
(1320, 250, 32, '199/-'),
(1321, 250, 33, '249/-'),
(1322, 250, 34, '999/-  ( Note: price may vary)'),
(1323, 250, 35, 'Depend upon problem.'),
(1324, 250, 36, '299/-'),
(1325, 250, 37, 'Depend upon problem. '),
(1326, 251, 27, '199/-'),
(1327, 251, 29, '199/-'),
(1328, 251, 30, '199/-'),
(1329, 251, 31, '199/-'),
(1330, 251, 32, '199/-'),
(1331, 251, 33, '249/-'),
(1332, 251, 34, '999/-  ( Note: price may vary)'),
(1333, 251, 35, 'Depend upon problem.'),
(1334, 251, 36, '299/-'),
(1335, 251, 37, 'Depend upon problem. '),
(1336, 252, 27, '199/-'),
(1337, 252, 29, '199/-'),
(1338, 252, 30, '199/-'),
(1339, 252, 31, '199/-'),
(1340, 252, 32, '199/-'),
(1341, 252, 33, '249/-'),
(1342, 252, 34, '999/-  ( Note: price may vary)'),
(1343, 252, 35, 'Depend upon problem.'),
(1344, 252, 36, '299/-'),
(1345, 252, 37, 'Depend upon problem. '),
(1346, 253, 27, '199/-'),
(1347, 253, 29, '199/-'),
(1348, 253, 30, '199/-'),
(1349, 253, 31, '199/-'),
(1350, 253, 32, '199/-'),
(1351, 253, 33, '249/-'),
(1352, 253, 34, '999/-  ( Note: price may vary)'),
(1353, 253, 35, 'Depend upon problem.'),
(1354, 253, 36, '299/-'),
(1355, 253, 37, 'Depend upon problem. '),
(1356, 254, 27, '199/-'),
(1357, 254, 29, '199/-'),
(1358, 254, 30, '199/-'),
(1359, 254, 31, '199/-'),
(1360, 254, 32, '199/-'),
(1361, 254, 33, '249/-'),
(1362, 254, 34, '999/-  ( Note: price may vary)'),
(1363, 254, 35, 'Depend upon problem.'),
(1364, 254, 36, '299/-'),
(1365, 254, 37, 'Depend upon problem. '),
(1366, 255, 27, 'Depend on model of mobile.'),
(1367, 255, 29, 'Depend on model of mobile.'),
(1368, 255, 30, 'Depend on model of mobile.'),
(1369, 255, 31, 'Depend on model of mobile.'),
(1370, 255, 32, 'Depend on model of mobile.'),
(1371, 255, 33, 'Depend on model of mobile.'),
(1372, 255, 34, 'Depend on model of mobile.'),
(1373, 255, 35, 'Depend on model of mobile.'),
(1374, 255, 36, 'Depend on model of mobile.'),
(1375, 255, 37, 'Depend upon problem. '),
(1376, 256, 27, '199/-'),
(1377, 256, 29, '199/-'),
(1378, 256, 30, '199/-'),
(1379, 256, 31, '199/-'),
(1380, 256, 32, '199/-'),
(1381, 256, 33, '249/-'),
(1382, 256, 34, '999/-  ( Note: price may vary)'),
(1383, 256, 35, 'Depend upon problem.'),
(1384, 256, 36, '299/-'),
(1385, 256, 37, 'Depend upon problem. '),
(1386, 257, 27, '199/-'),
(1387, 257, 29, '199/-'),
(1388, 257, 30, '199/-'),
(1389, 257, 31, '199/-'),
(1390, 257, 32, '199/-'),
(1391, 257, 33, '249/-'),
(1392, 257, 34, '999/-  ( Note: price may vary)'),
(1393, 257, 35, 'Depend upon problem.'),
(1394, 257, 36, '299/-'),
(1395, 257, 37, 'Depend upon problem. '),
(1396, 258, 27, '199/-'),
(1397, 258, 29, '199/-'),
(1398, 258, 30, '199/-'),
(1399, 258, 31, '199/-'),
(1400, 258, 32, '199/-'),
(1401, 258, 33, '249/-'),
(1402, 258, 34, '999/-  ( Note: price may vary)'),
(1403, 258, 35, 'Depend upon problem.'),
(1404, 258, 36, '299/-'),
(1405, 258, 37, 'Depend upon problem. '),
(1406, 259, 27, '199/-'),
(1407, 259, 29, '199/-'),
(1408, 259, 30, '199/-'),
(1409, 259, 31, '199/-'),
(1410, 259, 32, '199/-'),
(1411, 259, 33, '249/-'),
(1412, 259, 34, '999/-  ( Note: price may vary)'),
(1413, 259, 35, 'Depend upon problem.'),
(1414, 259, 36, '299/-'),
(1415, 259, 37, 'Depend upon problem. '),
(1416, 260, 27, '199/-'),
(1417, 260, 29, '199/-'),
(1418, 260, 30, '199/-'),
(1419, 260, 31, '199/-'),
(1420, 260, 32, '199/-'),
(1421, 260, 33, '249/-'),
(1422, 263, 34, '999/-  ( Note: price may vary)'),
(1423, 260, 35, 'Depend upon problem.'),
(1424, 260, 36, '299/-'),
(1425, 260, 37, 'Depend upon problem. '),
(1426, 261, 27, '199/-'),
(1427, 261, 29, '199/-'),
(1428, 261, 30, '199/-'),
(1429, 261, 31, '199/-'),
(1430, 261, 32, '199/-'),
(1431, 261, 33, '249/-'),
(1432, 261, 34, '999/-  ( Note: price may vary)'),
(1433, 261, 35, 'Depend upon problem.'),
(1434, 261, 36, '299/-'),
(1435, 261, 37, 'Depend upon problem. '),
(1436, 262, 27, '199/-'),
(1437, 262, 29, '199/-'),
(1438, 262, 30, '199/-'),
(1439, 262, 31, '199/-'),
(1440, 262, 32, '199/-'),
(1441, 262, 33, '249/-'),
(1442, 262, 34, '999/-  ( Note: price may vary)'),
(1443, 262, 35, 'Depend upon problem.'),
(1444, 262, 36, '299/-'),
(1445, 262, 37, 'Depend upon problem. '),
(1446, 264, 27, '199/-'),
(1447, 264, 29, '199/-'),
(1448, 264, 30, '199/-'),
(1449, 264, 31, '199/-'),
(1450, 264, 32, '199/-'),
(1451, 264, 33, '249/-'),
(1452, 264, 34, '999/-  ( Note: price may vary)'),
(1453, 264, 35, 'Depend upon problem.'),
(1454, 264, 36, '299/-'),
(1455, 264, 37, 'Depend upon problem. '),
(1456, 265, 27, '199/-'),
(1457, 265, 29, '199/-'),
(1458, 265, 30, '199/-'),
(1459, 265, 31, '199/-'),
(1460, 265, 32, '199/-'),
(1461, 265, 33, '249/-'),
(1462, 265, 34, '999/-  ( Note: price may vary)'),
(1463, 265, 35, 'Depend upon problem.'),
(1464, 265, 36, '299/-'),
(1465, 265, 37, 'Depend upon problem. '),
(1466, 266, 27, '199/-'),
(1467, 266, 29, '199/-'),
(1468, 266, 30, '199/-'),
(1469, 266, 31, '199/-'),
(1470, 266, 32, '199/-'),
(1471, 266, 33, '249/-'),
(1472, 266, 34, '999/-  ( Note: price may vary)'),
(1473, 266, 35, 'Depend upon problem.'),
(1474, 266, 36, '299/-'),
(1475, 266, 37, 'Depend upon problem. '),
(1476, 267, 27, 'Depend on model of mobile.'),
(1477, 267, 29, 'Depend on model of mobile.'),
(1478, 267, 30, 'Depend on model of mobile.'),
(1479, 267, 31, 'Depend on model of mobile.'),
(1480, 267, 32, 'Depend on model of mobile.'),
(1481, 267, 33, 'Depend on model of mobile.'),
(1482, 267, 34, 'Depend on model of mobile.'),
(1483, 267, 35, 'Depend on model of mobile.'),
(1484, 267, 36, 'Depend on model of mobile.'),
(1485, 267, 37, 'Depend upon problem. '),
(1486, 268, 27, '199/-'),
(1487, 268, 29, '199/-'),
(1488, 268, 30, '199/-'),
(1489, 268, 31, '199/-'),
(1490, 268, 32, '199/-'),
(1491, 268, 33, '249/-'),
(1492, 268, 34, '999/-  ( Note: price may vary)'),
(1493, 268, 35, 'Depend upon problem.'),
(1494, 268, 36, '299/-'),
(1495, 268, 37, 'Depend upon problem. '),
(1496, 269, 27, '199/-'),
(1497, 269, 29, '199/-'),
(1498, 269, 30, '199/-'),
(1499, 269, 31, '199/-'),
(1500, 269, 32, '199/-'),
(1501, 269, 33, '249/-'),
(1502, 269, 34, '999/-  ( Note: price may vary)'),
(1503, 269, 35, 'Depend upon problem.'),
(1504, 269, 36, '299/-'),
(1505, 269, 37, 'Depend upon problem. '),
(1506, 270, 27, '199/-'),
(1507, 270, 29, '199/-'),
(1508, 270, 30, '199/-'),
(1509, 270, 31, '199/-'),
(1510, 270, 32, '199/-'),
(1511, 270, 33, '249/-'),
(1512, 270, 34, '999/-  ( Note: price may vary)'),
(1513, 270, 35, 'Depend upon problem.'),
(1514, 270, 36, '299/-'),
(1515, 270, 37, 'Depend upon problem. '),
(1526, 271, 27, '199/-'),
(1527, 271, 29, '199/-'),
(1528, 271, 30, '199/-'),
(1529, 271, 31, '199/-'),
(1530, 271, 32, '199/-'),
(1531, 271, 33, '249/-'),
(1532, 271, 34, '999/-  ( Note: price may vary)'),
(1533, 271, 35, 'Depend upon problem.'),
(1534, 271, 36, '299/-'),
(1535, 271, 37, 'Depend upon problem. '),
(1536, 272, 27, '199/-'),
(1537, 272, 29, '199/-'),
(1538, 272, 30, '199/-'),
(1539, 272, 31, '199/-'),
(1540, 272, 32, '199/-'),
(1541, 272, 33, '249/-'),
(1542, 272, 34, '999/-  ( Note: price may vary)'),
(1543, 272, 35, 'Depend upon problem.'),
(1544, 272, 36, '299/-'),
(1545, 272, 37, 'Depend upon problem. '),
(1546, 273, 27, '199/-'),
(1547, 273, 29, '199/-'),
(1548, 273, 30, '199/-'),
(1549, 273, 31, '199/-'),
(1550, 273, 32, '199/-'),
(1551, 273, 33, '249/-'),
(1552, 273, 34, '999/-  ( Note: price may vary)'),
(1553, 273, 35, 'Depend upon problem.'),
(1554, 273, 36, '299/-'),
(1555, 273, 37, 'Depend upon problem. '),
(1556, 274, 27, '199/-'),
(1557, 274, 29, '199/-'),
(1558, 274, 30, '199/-'),
(1559, 274, 31, '199/-'),
(1560, 274, 32, '199/-'),
(1561, 274, 33, '249/-'),
(1562, 274, 34, '999/-  ( Note: price may vary)'),
(1563, 274, 35, 'Depend upon problem.'),
(1564, 274, 36, '299/-'),
(1565, 274, 37, 'Depend upon problem. '),
(1566, 275, 27, '199/-'),
(1567, 275, 29, '199/-'),
(1568, 275, 30, '199/-'),
(1569, 275, 31, '199/-'),
(1570, 275, 32, '199/-'),
(1571, 275, 33, '249/-'),
(1572, 275, 34, '999/-  ( Note: price may vary)'),
(1573, 275, 35, 'Depend upon problem.'),
(1574, 275, 36, '299/-'),
(1575, 275, 37, 'Depend upon problem. '),
(1576, 276, 27, '199/-'),
(1577, 276, 29, '199/-'),
(1578, 276, 30, '199/-'),
(1579, 276, 31, '199/-'),
(1580, 276, 32, '199/-'),
(1581, 276, 33, '249/-'),
(1582, 276, 34, '999/-  ( Note: price may vary)'),
(1583, 276, 35, 'Depend upon problem.'),
(1584, 276, 36, '299/-'),
(1585, 276, 37, 'Depend upon problem. '),
(1586, 277, 27, '199/-'),
(1587, 277, 29, '199/-'),
(1588, 277, 30, '199/-'),
(1589, 277, 31, '199/-'),
(1590, 277, 32, '199/-'),
(1591, 277, 33, '249/-'),
(1592, 277, 34, '999/-  ( Note: price may vary)'),
(1593, 277, 35, 'Depend upon problem.'),
(1594, 277, 36, '299/-'),
(1595, 277, 37, 'Depend upon problem. '),
(1596, 278, 27, 'Depend on model of mobile.'),
(1597, 278, 29, 'Depend on model of mobile.'),
(1598, 278, 30, 'Depend on model of mobile.'),
(1599, 278, 31, 'Depend on model of mobile.'),
(1600, 278, 32, 'Depend on model of mobile.'),
(1601, 278, 33, 'Depend on model of mobile.'),
(1602, 278, 34, 'Depend on model of mobile.'),
(1603, 278, 35, 'Depend on model of mobile.'),
(1604, 278, 36, 'Depend on model of mobile.'),
(1605, 278, 37, 'Depend upon problem. '),
(1606, 279, 27, '199/-'),
(1607, 279, 29, '199/-'),
(1608, 279, 30, '199/-'),
(1609, 279, 31, '199/-'),
(1610, 279, 32, '199/-'),
(1611, 279, 33, '249/-'),
(1612, 279, 34, '999/-  ( Note: price may vary)'),
(1613, 279, 35, 'Depend upon problem.'),
(1614, 279, 36, '299/-'),
(1615, 279, 37, 'Depend upon problem. '),
(1616, 280, 27, '199/-'),
(1617, 280, 29, '199/-'),
(1618, 280, 30, '199/-'),
(1619, 280, 31, '199/-'),
(1620, 280, 32, '199/-'),
(1621, 280, 33, '249/-'),
(1622, 280, 34, '999/-  ( Note: price may vary)'),
(1623, 280, 35, 'Depend upon problem.'),
(1624, 280, 36, '299/-'),
(1625, 280, 37, 'Depend upon problem. '),
(1626, 281, 27, '199/-'),
(1627, 281, 29, '199/-'),
(1628, 281, 30, '199/-'),
(1629, 281, 31, '199/-'),
(1630, 281, 32, '199/-'),
(1631, 281, 33, '249/-'),
(1632, 281, 34, '999/-  ( Note: price may vary)'),
(1633, 281, 35, 'Depend upon problem.'),
(1634, 281, 36, '299/-'),
(1635, 281, 37, 'Depend upon problem. '),
(1636, 282, 27, '199/-'),
(1637, 282, 29, '199/-'),
(1638, 282, 30, '199/-'),
(1639, 282, 31, '199/-'),
(1640, 282, 32, '199/-'),
(1641, 282, 33, '249/-'),
(1642, 282, 34, '999/-  ( Note: price may vary)'),
(1643, 282, 35, 'Depend upon problem.'),
(1644, 282, 36, '299/-'),
(1645, 282, 37, 'Depend upon problem. '),
(1646, 283, 27, '199/-'),
(1647, 283, 29, '199/-'),
(1648, 283, 30, '199/-'),
(1649, 283, 31, '199/-'),
(1650, 283, 32, '199/-'),
(1651, 283, 33, '249/-'),
(1652, 283, 34, '999/-  ( Note: price may vary)'),
(1653, 283, 35, 'Depend upon problem.'),
(1654, 283, 36, '299/-'),
(1655, 283, 37, 'Depend upon problem. '),
(1656, 284, 27, '199/-'),
(1657, 284, 29, '199/-'),
(1658, 284, 30, '199/-'),
(1659, 284, 31, '199/-'),
(1660, 284, 32, '199/-'),
(1661, 284, 33, '249/-'),
(1662, 284, 34, '999/-  ( Note: price may vary)'),
(1663, 284, 35, 'Depend upon problem.'),
(1664, 284, 36, '299/-'),
(1665, 284, 37, 'Depend upon problem. '),
(1666, 285, 27, '199/-'),
(1667, 285, 29, '199/-'),
(1668, 285, 30, '199/-'),
(1669, 285, 31, '199/-'),
(1670, 285, 32, '199/-'),
(1671, 285, 33, '249/-'),
(1672, 285, 34, '999/-  ( Note: price may vary)'),
(1673, 285, 35, 'Depend upon problem.'),
(1674, 285, 36, '299/-'),
(1675, 285, 37, 'Depend upon problem. '),
(1676, 286, 27, '199/-'),
(1677, 286, 29, '199/-'),
(1678, 286, 30, '199/-'),
(1679, 286, 31, '199/-'),
(1680, 286, 32, '199/-'),
(1681, 286, 33, '249/-');
INSERT INTO `pricing_allocation` (`paid`, `mmid`, `subproblem_code`, `price`) VALUES
(1682, 286, 34, '999/-  ( Note: price may vary)'),
(1683, 286, 35, 'Depend upon problem.'),
(1684, 286, 36, '299/-'),
(1685, 286, 37, 'Depend upon problem. '),
(1686, 287, 27, '199/-'),
(1687, 287, 29, '199/-'),
(1688, 287, 30, '199/-'),
(1689, 287, 31, '199/-'),
(1690, 287, 32, '199/-'),
(1691, 287, 33, '249/-'),
(1692, 287, 34, '999/-  ( Note: price may vary)'),
(1693, 287, 35, 'Depend upon problem.'),
(1694, 287, 36, '299/-'),
(1695, 287, 37, 'Depend upon problem. '),
(1696, 288, 27, '199/-'),
(1697, 288, 29, '199/-'),
(1698, 288, 30, '199/-'),
(1699, 288, 31, '199/-'),
(1700, 288, 32, '199/-'),
(1701, 288, 33, '249/-'),
(1702, 288, 34, '999/-  ( Note: price may vary)'),
(1703, 288, 35, 'Depend upon problem.'),
(1704, 288, 36, '299/-'),
(1705, 288, 37, 'Depend upon problem. '),
(1706, 289, 27, '199/-'),
(1707, 289, 29, '199/-'),
(1708, 289, 30, '199/-'),
(1709, 289, 31, '199/-'),
(1710, 289, 33, '249/-'),
(1711, 289, 34, '999/-  ( Note: price may vary)'),
(1712, 289, 35, 'Depend upon problem.'),
(1713, 289, 36, '299/-'),
(1714, 289, 37, 'Depend upon problem. '),
(1715, 290, 27, '199/-'),
(1716, 290, 29, '199/-'),
(1717, 290, 30, '199/-'),
(1718, 290, 31, '199/-'),
(1719, 290, 32, '199/-'),
(1720, 290, 33, '249/-'),
(1721, 290, 34, '999/-  ( Note: price may vary)'),
(1722, 290, 35, 'Depend upon problem.'),
(1723, 290, 36, '299/-'),
(1724, 290, 37, 'Depend upon problem. '),
(1725, 291, 27, '199/-'),
(1726, 291, 29, '199/-'),
(1727, 291, 30, '199/-'),
(1728, 291, 31, '199/-'),
(1729, 291, 32, '199/-'),
(1730, 291, 33, '249/-'),
(1731, 291, 34, '999/-  ( Note: price may vary)'),
(1732, 291, 35, 'Depend upon problem.'),
(1733, 291, 36, '299/-'),
(1734, 291, 37, 'Depend upon problem. '),
(1735, 292, 27, '199/-'),
(1736, 292, 29, '199/-'),
(1737, 292, 30, '199/-'),
(1738, 292, 31, '199/-'),
(1739, 292, 32, '199/-'),
(1740, 292, 33, '249/-'),
(1741, 292, 34, '999/-  ( Note: price may vary)'),
(1742, 292, 35, 'Depend upon problem.'),
(1743, 292, 36, '299/-'),
(1744, 292, 37, 'Depend upon problem. '),
(1745, 293, 27, '199/-'),
(1746, 293, 29, '199/-'),
(1747, 293, 30, '199/-'),
(1748, 293, 31, '199/-'),
(1749, 293, 32, '199/-'),
(1750, 293, 33, '249/-'),
(1751, 293, 34, '999/-  ( Note: price may vary)'),
(1752, 293, 35, 'Depend upon problem.'),
(1753, 293, 36, '299/-'),
(1754, 293, 37, 'Depend upon problem. '),
(1755, 294, 27, '199/-'),
(1756, 294, 29, '199/-'),
(1757, 294, 30, '199/-'),
(1758, 294, 31, '199/-'),
(1759, 294, 32, '199/-'),
(1760, 294, 33, '249/-'),
(1761, 294, 34, '999/-  ( Note: price may vary)'),
(1762, 294, 35, 'Depend upon problem.'),
(1763, 294, 36, '299/-'),
(1764, 294, 37, 'Depend upon problem. '),
(1765, 295, 27, 'Depend on model of mobile.'),
(1766, 295, 29, 'Depend on model of mobile.'),
(1767, 295, 30, 'Depend on model of mobile.'),
(1768, 295, 31, 'Depend on model of mobile.'),
(1769, 295, 32, 'Depend on model of mobile.'),
(1770, 295, 33, 'Depend on model of mobile.'),
(1771, 295, 34, 'Depend on model of mobile.'),
(1772, 295, 35, 'Depend on model of mobile.'),
(1773, 295, 36, 'Depend on model of mobile.'),
(1774, 295, 37, 'Depend upon problem. '),
(1775, 296, 27, '199/-'),
(1776, 296, 29, '199/-'),
(1777, 296, 30, '199/-'),
(1778, 296, 31, '199/-'),
(1779, 296, 32, '199/-'),
(1780, 296, 33, '249/-'),
(1781, 296, 34, '999/-  ( Note: price may vary)'),
(1782, 296, 35, 'Depend upon problem.'),
(1783, 296, 36, '299/-'),
(1784, 296, 37, 'Depend upon problem. '),
(1785, 297, 27, '199/-'),
(1786, 297, 29, '199/-'),
(1787, 297, 30, '199/-'),
(1788, 297, 31, '199/-'),
(1789, 297, 32, '199/-'),
(1790, 297, 33, '249/-'),
(1791, 297, 34, '999/-  ( Note: price may vary)'),
(1792, 297, 35, 'Depend upon problem.'),
(1793, 297, 36, '299/-'),
(1794, 297, 37, 'Depend upon problem. '),
(1795, 298, 27, '199/-'),
(1796, 298, 29, '199/-'),
(1797, 298, 30, '199/-'),
(1798, 298, 31, '199/-'),
(1799, 298, 32, '199/-'),
(1800, 298, 33, '249/-'),
(1801, 298, 34, '999/-  ( Note: price may vary)'),
(1802, 298, 35, 'Depend upon problem.'),
(1803, 298, 36, '299/-'),
(1804, 298, 37, 'Depend upon problem. '),
(1805, 299, 27, '199/-'),
(1806, 299, 29, '199/-'),
(1807, 299, 30, '199/-'),
(1808, 299, 31, '199/-'),
(1809, 299, 32, '199/-'),
(1810, 299, 33, '249/-'),
(1811, 299, 34, '999/-  ( Note: price may vary)'),
(1812, 299, 35, 'Depend upon problem.'),
(1813, 299, 36, '299/-'),
(1814, 299, 37, 'Depend upon problem. '),
(1815, 301, 27, '199/-'),
(1816, 301, 29, '199/-'),
(1817, 301, 30, '199/-'),
(1818, 301, 31, '199/-'),
(1819, 301, 32, '199/-'),
(1820, 301, 33, '249/-'),
(1821, 301, 34, '999/-  ( Note: price may vary)'),
(1822, 301, 35, 'Depend upon problem.'),
(1823, 301, 36, '299/-'),
(1824, 301, 37, 'Depend upon problem. '),
(1825, 302, 27, '199/-'),
(1826, 302, 29, '199/-'),
(1827, 302, 30, '199/-'),
(1828, 302, 31, '199/-'),
(1829, 302, 32, '199/-'),
(1830, 302, 33, '249/-'),
(1831, 302, 34, '999/-  ( Note: price may vary)'),
(1832, 302, 35, 'Depend upon problem.'),
(1833, 302, 36, '299/-'),
(1834, 302, 37, 'Depend upon problem. '),
(1835, 303, 27, '199/-'),
(1836, 303, 29, '199/-'),
(1837, 303, 30, '199/-'),
(1838, 303, 31, '199/-'),
(1839, 303, 32, '199/-'),
(1840, 303, 33, '249/-'),
(1841, 303, 34, '999/-  ( Note: price may vary)'),
(1842, 303, 35, 'Depend upon problem.'),
(1843, 303, 36, '299/-'),
(1844, 303, 37, 'Depend upon problem. '),
(1845, 304, 27, '199/-'),
(1846, 304, 29, '199/-'),
(1847, 304, 30, '199/-'),
(1848, 304, 31, '199/-'),
(1849, 304, 32, '199/-'),
(1850, 304, 33, '249/-'),
(1851, 304, 34, '999/-  ( Note: price may vary)'),
(1852, 304, 35, 'Depend upon problem.'),
(1853, 304, 36, '299/-'),
(1854, 304, 37, 'Depend upon problem. '),
(1855, 306, 27, 'Depend on model of mobile.'),
(1856, 306, 29, 'Depend on model of mobile.'),
(1857, 306, 30, 'Depend on model of mobile.'),
(1858, 306, 31, 'Depend on model of mobile.'),
(1859, 306, 32, 'Depend on model of mobile.'),
(1860, 306, 33, 'Depend on model of mobile.'),
(1861, 306, 34, 'Depend on model of mobile.'),
(1862, 306, 35, 'Depend on model of mobile.'),
(1863, 306, 36, 'Depend on model of mobile.'),
(1864, 306, 37, 'Depend upon problem. '),
(1865, 313, 27, '199/-'),
(1866, 313, 29, '199/-'),
(1867, 313, 30, '199/-'),
(1868, 313, 31, '199/-'),
(1869, 313, 32, '199/-'),
(1870, 313, 33, '249/-'),
(1871, 313, 34, '999/-  ( Note: price may vary)'),
(1872, 313, 35, 'Depend upon problem.'),
(1873, 313, 36, '299/-'),
(1874, 313, 37, 'Depend upon problem. '),
(1875, 314, 27, '199/-'),
(1876, 314, 29, '199/-'),
(1877, 314, 30, '199/-'),
(1878, 314, 31, '199/-'),
(1879, 314, 32, '199/-'),
(1880, 314, 33, '249/-'),
(1881, 314, 34, '999/-  ( Note: price may vary)'),
(1882, 314, 35, 'Depend upon problem.'),
(1883, 314, 36, '299/-'),
(1884, 314, 37, 'Depend upon problem. '),
(1885, 315, 27, '199/-'),
(1886, 315, 29, '199/-'),
(1887, 315, 30, '199/-'),
(1888, 315, 31, '199/-'),
(1889, 315, 32, '199/-'),
(1890, 315, 33, '249/-'),
(1891, 315, 34, '999/-  ( Note: price may vary)'),
(1892, 315, 35, 'Depend upon problem.'),
(1893, 315, 36, '299/-'),
(1894, 315, 37, 'Depend upon problem. '),
(1895, 316, 27, '199/-'),
(1896, 316, 29, '199/-'),
(1897, 316, 30, '199/-'),
(1898, 316, 31, '199/-'),
(1899, 316, 32, '199/-'),
(1900, 316, 33, '249/-'),
(1901, 316, 34, '999/-  ( Note: price may vary)'),
(1902, 316, 35, 'Depend upon problem.'),
(1903, 316, 36, '299/-'),
(1904, 316, 37, 'Depend upon problem. '),
(1905, 317, 27, '199/-'),
(1906, 317, 29, '199/-'),
(1907, 317, 30, '199/-'),
(1908, 317, 31, '199/-'),
(1909, 317, 32, '199/-'),
(1910, 317, 33, '249/-'),
(1911, 317, 34, '999/-  ( Note: price may vary)'),
(1912, 317, 35, 'Depend upon problem.'),
(1913, 317, 36, '299/-'),
(1914, 317, 37, 'Depend upon problem. '),
(1915, 318, 27, '199/-'),
(1916, 318, 29, '199/-'),
(1917, 318, 30, '199/-'),
(1918, 318, 31, '199/-'),
(1919, 318, 32, '199/-'),
(1920, 318, 33, '249/-'),
(1921, 318, 34, '999/-  ( Note: price may vary)'),
(1922, 318, 35, 'Depend upon problem.'),
(1923, 318, 36, '299/-'),
(1924, 318, 37, 'Depend upon problem. '),
(1925, 320, 27, '199/-'),
(1926, 320, 29, '199/-'),
(1927, 320, 30, '199/-'),
(1928, 320, 31, '199/-'),
(1929, 320, 32, '199/-'),
(1930, 320, 33, '249/-'),
(1931, 320, 34, '999/-  ( Note: price may vary)'),
(1932, 320, 35, 'Depend upon problem.'),
(1933, 320, 36, '299/-'),
(1934, 320, 37, 'Depend upon problem. '),
(1935, 321, 27, '199/-'),
(1936, 321, 29, '199/-'),
(1937, 321, 30, '199/-'),
(1938, 321, 31, '199/-'),
(1939, 321, 32, '199/-'),
(1940, 321, 33, '249/-'),
(1941, 321, 34, '999/-  ( Note: price may vary)'),
(1942, 321, 35, 'Depend upon problem.'),
(1943, 321, 36, '299/-'),
(1944, 321, 37, 'Depend upon problem. '),
(1945, 322, 27, '199/-'),
(1946, 322, 29, '199/-'),
(1947, 322, 30, '199/-'),
(1948, 322, 31, '199/-'),
(1949, 322, 32, '199/-'),
(1950, 322, 33, '249/-'),
(1951, 322, 34, '999/-  ( Note: price may vary)'),
(1952, 322, 35, 'Depend upon problem.'),
(1953, 322, 36, '299/-'),
(1954, 322, 37, 'Depend upon problem. '),
(1955, 323, 27, '199/-'),
(1956, 323, 29, '199/-'),
(1957, 323, 30, '199/-'),
(1958, 323, 31, '199/-'),
(1959, 323, 32, '199/-'),
(1960, 323, 33, '249/-'),
(1961, 323, 34, '999/-  ( Note: price may vary)'),
(1962, 323, 35, 'Depend upon problem.'),
(1963, 323, 36, '299/-'),
(1964, 323, 37, 'Depend upon problem. '),
(1965, 324, 27, '199/-'),
(1966, 324, 29, '199/-'),
(1967, 324, 30, '199/-'),
(1968, 324, 31, '199/-'),
(1969, 324, 32, '199/-'),
(1970, 324, 33, '249/-'),
(1971, 324, 34, '999/-  ( Note: price may vary)'),
(1972, 324, 35, 'Depend upon problem.'),
(1973, 324, 36, '299/-'),
(1974, 324, 37, 'Depend upon problem. '),
(1975, 325, 27, '199/-'),
(1976, 325, 29, '199/-'),
(1977, 325, 30, '199/-'),
(1978, 325, 31, '199/-'),
(1979, 325, 32, '199/-'),
(1980, 325, 33, '249/-'),
(1981, 325, 34, '999/-  ( Note: price may vary)'),
(1982, 325, 35, 'Depend upon problem.'),
(1983, 325, 36, '299/-'),
(1984, 325, 37, 'Depend upon problem. '),
(1985, 326, 27, '199/-'),
(1986, 326, 29, '199/-'),
(1987, 326, 30, '199/-'),
(1988, 326, 31, '199/-'),
(1989, 326, 32, '199/-'),
(1990, 326, 33, '249/-'),
(1991, 326, 34, '999/-  ( Note: price may vary)'),
(1992, 326, 35, 'Depend upon problem.'),
(1993, 326, 36, '299/-'),
(1994, 326, 37, 'Depend upon problem. '),
(1995, 327, 27, '199/-'),
(1996, 327, 29, '199/-'),
(1997, 327, 30, '199/-'),
(1998, 327, 31, '199/-'),
(1999, 327, 32, '199/-'),
(2000, 327, 33, '249/-'),
(2001, 327, 34, '999/-  ( Note: price may vary)'),
(2002, 327, 35, 'Depend upon problem.'),
(2003, 327, 36, '299/-'),
(2004, 329, 27, '199/-'),
(2005, 329, 29, '199/-'),
(2006, 329, 30, '199/-'),
(2007, 329, 31, '199/-'),
(2008, 329, 32, '199/-'),
(2009, 329, 33, '249/-'),
(2010, 329, 34, '999/-  ( Note: price may vary)'),
(2011, 329, 35, 'Depend upon problem.'),
(2012, 329, 36, '299/-'),
(2013, 330, 27, '199/-'),
(2014, 330, 29, '199/-'),
(2015, 330, 30, '199/-'),
(2016, 330, 31, '199/-'),
(2017, 330, 32, '199/-'),
(2018, 330, 33, '249/-'),
(2019, 330, 34, '999/-  ( Note: price may vary)'),
(2020, 330, 35, 'Depend upon problem.'),
(2021, 330, 36, '299/-'),
(2022, 331, 27, '199/-'),
(2023, 331, 29, '199/-'),
(2024, 331, 30, '199/-'),
(2025, 331, 31, '199/-'),
(2026, 331, 32, '199/-'),
(2027, 331, 33, '249/-'),
(2028, 331, 34, '999/-  ( Note: price may vary)'),
(2029, 331, 35, 'Depend upon problem.'),
(2030, 331, 36, '299/-'),
(2031, 332, 27, '199/-'),
(2032, 332, 29, '199/-'),
(2033, 332, 30, '199/-'),
(2034, 332, 31, '199/-'),
(2035, 332, 32, '199/-'),
(2036, 332, 33, '249/-'),
(2037, 332, 34, '999/-  ( Note: price may vary)'),
(2038, 332, 35, 'Depend upon problem.'),
(2039, 332, 36, '299/-'),
(2040, 333, 27, '199/-'),
(2041, 333, 29, '199/-'),
(2042, 333, 30, '199/-'),
(2043, 333, 31, '199/-'),
(2044, 333, 32, '199/-'),
(2045, 333, 33, '249/-'),
(2046, 333, 34, '999/-  ( Note: price may vary)'),
(2047, 333, 35, 'Depend upon problem.'),
(2048, 333, 36, '299/-'),
(2049, 334, 27, '199/-'),
(2050, 334, 29, '199/-'),
(2051, 334, 30, '199/-'),
(2052, 334, 31, '199/-'),
(2053, 334, 32, '199/-'),
(2054, 334, 33, '249/-'),
(2055, 334, 34, '999/-  ( Note: price may vary)'),
(2056, 334, 35, 'Depend upon problem.'),
(2057, 334, 36, '299/-'),
(2058, 335, 27, '199/-'),
(2059, 335, 29, '199/-'),
(2060, 335, 30, '199/-'),
(2061, 335, 31, '199/-'),
(2062, 335, 32, '199/-'),
(2063, 335, 33, '249/-'),
(2064, 335, 34, '999/-  ( Note: price may vary)'),
(2065, 335, 35, 'Depend upon problem.'),
(2066, 335, 36, '299/-'),
(2067, 336, 27, '199/-'),
(2068, 336, 29, '199/-'),
(2069, 336, 30, '199/-'),
(2070, 336, 31, '199/-'),
(2071, 336, 32, '199/-'),
(2072, 336, 33, '249/-'),
(2073, 336, 34, '999/-  ( Note: price may vary)'),
(2074, 336, 35, 'Depend upon problem.'),
(2075, 336, 36, '299/-'),
(2076, 337, 27, '199/-'),
(2077, 337, 29, '199/-'),
(2078, 337, 30, '199/-'),
(2079, 337, 31, '199/-'),
(2080, 337, 32, '199/-'),
(2081, 337, 33, '249/-'),
(2082, 337, 34, '999/-  ( Note: price may vary)'),
(2083, 337, 35, 'Depend upon problem.'),
(2084, 337, 36, '299/-'),
(2085, 339, 27, '199/-'),
(2086, 339, 29, '199/-'),
(2087, 339, 30, '199/-'),
(2088, 339, 31, '199/-'),
(2089, 339, 32, '199/-'),
(2090, 339, 33, '249/-'),
(2091, 339, 34, '999/-  ( Note: price may vary)'),
(2092, 339, 35, 'Depend upon problem.'),
(2093, 339, 36, '299/-'),
(2094, 340, 27, '199/-'),
(2095, 340, 29, '199/-'),
(2096, 340, 30, '199/-'),
(2097, 340, 31, '199/-'),
(2098, 340, 32, '199/-'),
(2099, 340, 33, '249/-'),
(2100, 340, 34, '999/-  ( Note: price may vary)'),
(2101, 340, 35, 'Depend upon problem.'),
(2102, 340, 36, '299/-'),
(2103, 342, 27, '199/-'),
(2104, 342, 29, '199/-'),
(2105, 342, 30, '199/-'),
(2106, 342, 31, '199/-'),
(2107, 342, 32, '199/-'),
(2108, 342, 33, '249/-'),
(2109, 342, 34, '999/-  ( Note: price may vary)'),
(2110, 342, 35, 'Depend upon problem.'),
(2111, 342, 36, '299/-'),
(2112, 343, 27, '199/-'),
(2113, 343, 29, '199/-'),
(2114, 343, 30, '199/-'),
(2115, 343, 31, '199/-'),
(2116, 343, 32, '199/-'),
(2117, 343, 33, '249/-'),
(2118, 343, 34, '999/-  ( Note: price may vary)'),
(2119, 343, 35, 'Depend upon problem.'),
(2120, 343, 36, '299/-'),
(2121, 344, 27, '199/-'),
(2122, 344, 29, '199/-'),
(2123, 344, 30, '199/-'),
(2124, 344, 31, '199/-'),
(2125, 344, 32, '199/-'),
(2126, 344, 33, '249/-'),
(2127, 344, 34, '999/-  ( Note: price may vary)'),
(2128, 344, 35, 'Depend upon problem.'),
(2129, 344, 36, '299/-'),
(2130, 345, 27, '199/-'),
(2131, 345, 29, '199/-'),
(2132, 345, 30, '199/-'),
(2133, 345, 31, '199/-'),
(2134, 345, 32, '199/-'),
(2135, 345, 33, '249/-'),
(2136, 345, 34, '999/-  ( Note: price may vary)'),
(2137, 345, 35, 'Depend upon problem.'),
(2138, 345, 36, '299/-'),
(2139, 346, 27, '199/-'),
(2140, 346, 29, '199/-'),
(2141, 346, 30, '199/-'),
(2142, 346, 31, '199/-'),
(2143, 346, 32, '199/-'),
(2144, 346, 33, '249/-'),
(2145, 346, 34, '999/-  ( Note: price may vary)'),
(2146, 346, 35, 'Depend upon problem.'),
(2147, 346, 36, '299/-'),
(2148, 347, 27, '199/-'),
(2149, 347, 29, '199/-'),
(2150, 347, 30, '199/-'),
(2151, 347, 31, '199/-'),
(2152, 347, 32, '199/-'),
(2153, 347, 33, '249/-'),
(2154, 347, 34, '999/-  ( Note: price may vary)'),
(2155, 347, 35, 'Depend upon problem.'),
(2156, 347, 36, '299/-'),
(2157, 348, 27, 'Depend on model of mobile.'),
(2158, 348, 29, 'Depend on model of mobile.'),
(2159, 348, 30, 'Depend on model of mobile.'),
(2160, 348, 31, 'Depend on model of mobile.'),
(2161, 348, 32, 'Depend on model of mobile.'),
(2162, 348, 33, 'Depend on model of mobile.'),
(2163, 348, 34, 'Depend on model of mobile.'),
(2164, 348, 35, 'Depend on model of mobile.'),
(2165, 348, 36, 'Depend on model of mobile.'),
(2166, 358, 27, '199/-'),
(2167, 358, 29, '199/-'),
(2168, 358, 30, '199/-'),
(2169, 358, 31, '199/-'),
(2170, 358, 32, '199/-'),
(2171, 358, 33, '249/-'),
(2172, 358, 34, '999/-  ( Note: price may vary)'),
(2173, 358, 35, 'Depend upon problem.'),
(2174, 358, 36, '299/-'),
(2175, 359, 27, '199/-'),
(2176, 359, 29, '199/-'),
(2177, 359, 30, '199/-'),
(2178, 359, 31, '199/-'),
(2179, 359, 32, '199/-'),
(2180, 359, 33, '249/-'),
(2181, 359, 34, '999/-  ( Note: price may vary)'),
(2182, 359, 35, 'Depend upon problem.'),
(2183, 359, 36, '299/-'),
(2184, 360, 27, '199/-'),
(2185, 360, 29, '199/-'),
(2186, 360, 30, '199/-'),
(2187, 360, 31, '199/-'),
(2188, 360, 32, '199/-'),
(2189, 360, 33, '249/-'),
(2190, 360, 34, '999/-  ( Note: price may vary)'),
(2191, 360, 35, 'Depend upon problem.'),
(2192, 360, 36, '299/-'),
(2193, 361, 27, '199/-'),
(2194, 361, 29, '199/-'),
(2195, 361, 30, '199/-'),
(2196, 361, 31, '199/-'),
(2197, 361, 32, '199/-'),
(2198, 361, 33, '249/-'),
(2199, 361, 34, '999/-  ( Note: price may vary)'),
(2200, 361, 35, 'Depend upon problem.'),
(2201, 361, 36, '299/-'),
(2202, 362, 27, '199/-'),
(2203, 362, 23, '199/-'),
(2204, 362, 30, '199/-'),
(2205, 362, 31, '199/-'),
(2206, 362, 32, '199/-'),
(2207, 362, 33, '249/-'),
(2208, 362, 34, '999/-  ( Note: price may vary)'),
(2209, 362, 35, 'Depend upon problem.'),
(2210, 362, 36, '299/-'),
(2211, 363, 27, '199/-'),
(2212, 363, 29, '199/-'),
(2213, 363, 30, '199/-'),
(2214, 363, 31, '199/-'),
(2215, 363, 32, '199/-'),
(2216, 363, 33, '249/-'),
(2217, 363, 34, '999/-  ( Note: price may vary)'),
(2218, 363, 35, 'Depend upon problem.'),
(2219, 363, 36, '299/-'),
(2220, 364, 27, '199/-'),
(2221, 364, 29, '199/-'),
(2222, 364, 30, '199/-'),
(2223, 364, 31, '199/-'),
(2224, 364, 32, '199/-'),
(2225, 364, 33, '249/-'),
(2226, 364, 34, '999/-  ( Note: price may vary)'),
(2227, 364, 35, 'Depend upon problem.'),
(2228, 364, 36, '299/-'),
(2229, 365, 27, '199/-'),
(2230, 365, 29, '199/-'),
(2231, 365, 30, '199/-'),
(2232, 365, 31, '199/-'),
(2233, 365, 32, '199/-'),
(2234, 365, 33, '249/-'),
(2235, 365, 34, '999/-  ( Note: price may vary)'),
(2236, 365, 35, 'Depend upon problem.'),
(2237, 365, 36, '299/-'),
(2238, 366, 27, '199/-'),
(2239, 366, 29, '199/-'),
(2240, 366, 30, '199/-'),
(2241, 366, 31, '199/-'),
(2242, 366, 32, '199/-'),
(2243, 366, 33, '249/-'),
(2244, 366, 34, '999/-  ( Note: price may vary)'),
(2245, 366, 35, 'Depend upon problem.'),
(2246, 366, 36, '299/-'),
(2247, 367, 27, '199/-'),
(2248, 367, 29, '199/-'),
(2249, 367, 30, '199/-'),
(2250, 367, 31, '199/-'),
(2251, 367, 32, '199/-'),
(2252, 367, 33, '249/-'),
(2253, 367, 34, '999/-  ( Note: price may vary)'),
(2254, 367, 35, 'Depend upon problem.'),
(2255, 367, 36, '299/-');

-- --------------------------------------------------------

--
-- Table structure for table `problems`
--

CREATE TABLE `problems` (
  `rid` int(100) NOT NULL,
  `problem` int(10) NOT NULL,
  `subproblem` int(10) NOT NULL
) ENGINE=InnoDB DEFAULT CHARSET=latin1;

--
-- Dumping data for table `problems`
--

INSERT INTO `problems` (`rid`, `problem`, `subproblem`) VALUES
(1, 2, 1),
(2, 10, 22),
(3, 10, 10),
(3, 11, 11),
(3, 11, 23),
(3, 10, 22),
(0, 10, 10),
(0, 11, 11),
(0, 11, 23),
(0, 10, 22),
(5, 11, 23),
(6, 13, 27),
(7, 20, 35),
(8, 14, 29),
(9, 13, 27),
(10, 15, 30),
(11, 20, 35);

-- --------------------------------------------------------

--
-- Table structure for table `problem_master`
--

CREATE TABLE `problem_master` (
  `problem_code` int(11) NOT NULL,
  `main_problem` varchar(100) NOT NULL
) ENGINE=InnoDB DEFAULT CHARSET=latin1;

--
-- Dumping data for table `problem_master`
--

INSERT INTO `problem_master` (`problem_code`, `main_problem`) VALUES
(13, 'Camera / Finger Touch Sensor'),
(14, 'SIM / Memory / Network.              '),
(15, 'Power ON / Volume Buttons / Headphone Jack '),
(16, 'Mic / Ear Speaker / Vibrator / Ringer / Loudspeaker.                                     '),
(17, 'Charging Connector Broken / Charging Problem'),
(18, 'Unlock Password (Bill Required) / Flash Software.'),
(19, 'Water Damage / Mobile Dead.                                     '),
(20, 'Touch / Display / Combo / Battery.'),
(21, 'Complete Mobile Servicing.'),
(22, 'Other.');

-- --------------------------------------------------------

--
-- Table structure for table `req`
--

CREATE TABLE `req` (
  `rid` int(11) NOT NULL,
  `mmid` int(11) DEFAULT NULL,
  `uid` int(10) DEFAULT NULL,
  `estprice` varchar(100) DEFAULT NULL,
  `status` int(5) DEFAULT NULL,
  `calprice` varchar(100) DEFAULT NULL,
  `created_date` date NOT NULL,
  `note` varchar(255) NOT NULL,
  `repairperson` varchar(100) NOT NULL,
  `imeino` varchar(100) NOT NULL,
  `pay_method` varchar(20) NOT NULL,
  `pay_status` varchar(5) NOT NULL,
  `warranty` varchar(10) NOT NULL,
  `inwarr` int(10) NOT NULL,
  `pincode` varchar(50) NOT NULL,
  `address` varchar(500) NOT NULL,
  `phonenum` varchar(50) NOT NULL,
  `pickupdate` varchar(50) NOT NULL,
  `dropdate` varchar(50) NOT NULL,
  `creason` varchar(200) NOT NULL
) ENGINE=InnoDB DEFAULT CHARSET=utf8mb4;

--
-- Dumping data for table `req`
--

INSERT INTO `req` (`rid`, `mmid`, `uid`, `estprice`, `status`, `calprice`, `created_date`, `note`, `repairperson`, `imeino`, `pay_method`, `pay_status`, `warranty`, `inwarr`, `pincode`, `address`, `phonenum`, `pickupdate`, `dropdate`, `creason`) VALUES
(0, 8, 5, '0', 9, '0', '2021-03-06', 'This is under warranty service and its free', '', '!23456', 'cod', '1', 'nowarr', 1, '', '', '', '2021-03-06', '2021-03-06', ''),
(1, 6, 2, '1000', 9, '1000', '2021-03-02', 'Not changed', '123', '123', 'cod', '1', '', 0, '411033', 'ABC XYZ', '7218340969', '2021-03-02', '2021-03-02', ''),
(2, 8, 5, '199', 6, '0', '2021-03-06', 'NA', '', '', '', '0', '', 0, '411018_PIMPRI', 'ABC, Pune', '343346i3434534', '', '', ''),
(3, 8, 5, '199', 9, '199', '2021-03-06', 'You got 10% discount on total price, so price is updated and new price would be 350Rupees', 'Rakesh', '!23456', 'cod', '1', '2021-04-06', 0, '411018_PIMPRI', 'ABC, Pune', '343346i3434534', '2021-03-06', '2021-03-06', ''),
(5, 11, 4, '', 0, '0', '2021-03-20', 'NA', '', '', '', '0', '', 0, '411033', 'gfjhfjh', '15635989', '', '', ''),
(6, 22, 8, '', 0, '0', '2021-03-20', 'NA', '', '', '', '0', '', 0, '411018_PIMPRI', 'Bsjan', '8483824977', '', '', ''),
(7, 43, 4, '', 6, '0', '2021-03-23', 'NA', '', '', '', '0', '', 0, '411078', 'gfjhfjh', '15635989', '', '', ''),
(8, 87, 5, '199', 9, '199', '2021-03-29', 'NA', 'adfsde', 'qerrtwtt', '', '0', '2021-04-09', 0, '411012', 'Vinod Kumbhar, Pune', '96753466553', '2021-03-29', '2021-03-29', ''),
(9, 84, 4, '199', 0, '0', '2021-04-02', 'NA', '', '', '', '0', '', 0, '411034', 'gfjhfjh', '15635989', '', '', ''),
(10, 79, 12, '199', 0, '0', '2021-04-02', 'NA', '', '', '', '0', '', 0, '411026', 'ABC, XYZ, Pune', '9657245081', '', '', ''),
(11, 200, 5, '', 0, '0', '2021-04-05', 'NA', '', '', '', '0', '', 0, '411035', 'Vinod Kumbhar, Pune', '96753466553', '', '', '');

-- --------------------------------------------------------

--
-- Table structure for table `scheduled_request`
--

CREATE TABLE `scheduled_request` (
  `rid` int(10) NOT NULL,
  `admin_id` int(50) NOT NULL,
  `date` date NOT NULL,
  `time` time NOT NULL,
  `delivery_status` varchar(10) NOT NULL
) ENGINE=InnoDB DEFAULT CHARSET=utf8mb4;

--
-- Dumping data for table `scheduled_request`
--

INSERT INTO `scheduled_request` (`rid`, `admin_id`, `date`, `time`, `delivery_status`) VALUES
(1, 6, '2021-03-05', '18:20:00', '2'),
(1, 6, '2021-03-05', '18:20:00', '3'),
(3, 21, '2021-03-06', '17:52:00', '2'),
(3, 21, '2021-03-07', '18:00:00', '3'),
(0, 21, '2021-04-10', '19:28:00', '2'),
(0, 21, '2021-03-19', '18:45:00', '3'),
(8, 6, '2021-03-30', '18:55:00', '2'),
(8, 6, '2021-03-30', '19:12:00', '3');

-- --------------------------------------------------------

--
-- Table structure for table `session`
--

CREATE TABLE `session` (
  `sesid` varchar(100) NOT NULL,
  `uid` int(10) NOT NULL
) ENGINE=InnoDB DEFAULT CHARSET=latin1;

--
-- Dumping data for table `session`
--

INSERT INTO `session` (`sesid`, `uid`) VALUES
('3912f5e3b8cf0930a9d47e4f2a266de3', 3),
('07cd2163e512c604de78c79b17dd1590', 4),
('24a45cf63210e4ecf38c66f43f9d719c', 4),
('24b79a0fe30cee8745cb6ea72c491223', 4),
('30ee8fc5309654cf17358916bd6203b1', 4),
('3943943822c300b47cf331752a6297a5', 4),
('3ddca9fb9b345ccb2cdc69b2d15ef126', 4),
('576de54630f93fab570056ce16ab630d', 4),
('6283b05c4d80b834883234f4fd13bfa6', 4),
('6bea43e26ae7a04816887a4ddde89f33', 4),
('6f163de22af02880488a46ec313221c4', 4),
('75e9a8004e1de6fa44011aaba6d349a6', 4),
('8aa43e5864f96276c4408f978dcc2dd4', 4),
('aa28d839e00091ec8dcb525989374da5', 4),
('ed3bfaeb17ac0c3c93e288c00f1697e9', 4),
('2b9757cb51d7e301eaaceb4048768831', 5),
('399f2a8178cda1061603978a9539e240', 5),
('3c447f0df3bbd3f58232b895309070b5', 5),
('b89625448eabf8439f6a9ed274d742f6', 5),
('c0161b9b48720824d8cf5687ac6164f4', 5),
('cae039a9f279c37fc951032303807186', 5),
('5fdaecb7fc5b45f269c4e9a1a45a154a', 6),
('680b5f190222afb160262040a48bea6e', 6),
('102bbde7ca22d003c6214f3e6ab82d4f', 7),
('b6c1b5134ae8b0c3a870be0388c1f285', 7),
('a27ca3b01deae16131864809c0dec2e8', 8),
('20f3f1a8376d0bbd0ed6ea9dea73f138', 9),
('b0c8f26d6b81035012886d213bd98b1c', 9),
('ee24ed0132852b5ca1f7b22686887693', 11),
('26c99c27acaa0d0a8b806eb09c950866', 12),
('67110cb326cd8b628177b220921f1096', 21);

-- --------------------------------------------------------

--
-- Table structure for table `session_admin`
--

CREATE TABLE `session_admin` (
  `uid` int(10) NOT NULL,
  `sesid` varchar(100) NOT NULL
) ENGINE=InnoDB DEFAULT CHARSET=latin1;

--
-- Dumping data for table `session_admin`
--

INSERT INTO `session_admin` (`uid`, `sesid`) VALUES
(0, '0384a55bebf6573c5125fbafe9790c0d'),
(0, '042587c1ec0f6ae455f2a36af5b1fef2'),
(0, '064d312ce41a630629ecba72f37efa9b'),
(0, '08a26fbf9bb22befbfef937e25fe22a1'),
(0, '2818a4b6753810ba0de8fd561b8101e6'),
(0, '33a474b24192f435798e2dc1061271e6'),
(0, '4011c45421d1157d0162ff2710e7dd6c'),
(0, '49eef5832cea25abeeb877fda5ae3492'),
(0, '50ca0f6bf3c06ac280456de54dedabb3'),
(0, '52cd62bcc936f46aabab7f8f1720f21a'),
(0, '579c2e20c7a804bc5fe34e40d02af749'),
(0, '6c274b82334d869150494cd9fa39cdfa'),
(0, '74e8c00de4bebd83b7187c6e9344aff2'),
(0, '7ac92f9e5a110d76b6923470e96be895'),
(0, '7cb1f859df6d4b840abe99fb9d3e8422'),
(0, '81183d508b39e1bbfb45f8c721cadc06'),
(0, '841bb380fa3c3a2ee1fb2560e1f8d3b6'),
(0, '90adead9e06077c79250e0c252a97c29'),
(0, '929fbca8f93ca08d3e16df4143f57889'),
(0, '94e27e1ca8e0d5aa000e3292094b7ad7'),
(0, 'aaec8fdd3a23f048bdfef0b9a25089e2'),
(0, 'ac26eb385a41703ac4511db608414f36'),
(0, 'ad67b9d6791515c38a93f579f238f82e'),
(0, 'b04a2e9de572a4041938ef6f186b6c36'),
(0, 'b1d384fc1d7c194d8f14fd2f4ff0e2c6'),
(0, 'b85b225785eca020c32831614000467c'),
(0, 'b9b4dcf9dc851c0d81e844a628007981'),
(0, 'c52880df321beda46ef5f326cc6496a2'),
(0, 'dc7ebda8bb30f78ae9aa0d30e57e77ba'),
(0, 'dcf2b293b24277b136cb8be750b2094d'),
(0, 'e58faf97ee482a52ae0ccaef8a48e8ab'),
(0, 'eccf4accbe12a60748db850a757c850a'),
(0, 'fe1739841c7197dce1919915a68b9c8a'),
(20, '02e9f9e626587bd4d36c9d3fd6287c8d'),
(20, '2150c4e13ddf57cdea4663c3c0d28416'),
(20, '2de116aa4b6c5f1c205f7edfd028f8c3'),
(20, '4bf3333be712c4a8ca1ae1d221c2a47e'),
(20, '506721a7b18b97ba9a199e544805ea82'),
(20, '531d6aa7af30a05b0b1e2247ab84ecde'),
(20, '6d4107d300bebe9773cedaa0c65135ac'),
(20, '9d7fb6361457ba0bfcb64daef075b10c'),
(20, 'c3bf6db61a4dfabf3439928c74bb8785'),
(20, 'ce736e08bce1088b4f43793e499082bd'),
(20, 'd22448d89a17ece4481bf4c10621cdb0'),
(20, 'd3f2280a18a7c684f05f3f95eb5ba63c'),
(20, 'd7c1c5eb05cf6cbb535b9b0a21b261b1'),
(22, '9a4a642a32d2c0fd2114ca437cc96846'),
(22, 'db2a90b2a8cc44a8c2b1bfef6d37e8b0');

-- --------------------------------------------------------

--
-- Table structure for table `subproblem_master`
--

CREATE TABLE `subproblem_master` (
  `subproblem_code` int(11) NOT NULL,
  `problem_code` int(11) NOT NULL,
  `sub_problem` varchar(500) NOT NULL
) ENGINE=InnoDB DEFAULT CHARSET=latin1;

--
-- Dumping data for table `subproblem_master`
--

INSERT INTO `subproblem_master` (`subproblem_code`, `problem_code`, `sub_problem`) VALUES
(27, 13, 'Camera Lense or Finger Touch Sensor Problem'),
(29, 14, 'SIM / Memory / Network Problem.'),
(30, 15, 'Power or Volume Button / Headphone Jack Problem.'),
(31, 16, 'Mic / Ear Speaker / Vibrator / Ringer / Loudspeaker.'),
(32, 17, 'Charging Connector / Charging Problem.'),
(33, 18, 'Flash Software.'),
(34, 19, 'Water Damage / Dead Mobile'),
(35, 20, 'Touch / Display / Combo / Battery.'),
(36, 21, 'Mobile Service.');

-- --------------------------------------------------------

--
-- Table structure for table `users`
--

CREATE TABLE `users` (
  `uid` int(10) NOT NULL,
  `password` varchar(100) NOT NULL,
  `email` varchar(150) NOT NULL,
  `create_datetime` date NOT NULL,
  `username` varchar(50) DEFAULT NULL,
  `pincode` varchar(50) NOT NULL,
  `phonenum` varchar(50) NOT NULL,
  `address` varchar(500) NOT NULL,
  `logtype` varchar(1) NOT NULL
) ENGINE=InnoDB DEFAULT CHARSET=latin1;

--
-- Dumping data for table `users`
--

INSERT INTO `users` (`uid`, `password`, `email`, `create_datetime`, `username`, `pincode`, `phonenum`, `address`, `logtype`) VALUES
(2, 'd15925ef9fd1e3ef2d37efc94e8273ac', 'atharvadeshpande99@gmail.com', '2021-03-02', 'Atharva Deshpande', '411033', '7218340969', 'ABC XYZ', '1'),
(3, 'fd59c3d2d821725666bc144cd5ed2ebc', 'shubhamdeshpande80@gmail.com', '2021-03-03', 'Shubham Deshpande', '', '', '', '1'),
(4, '85805b29161ab9bad6e2acf4548419bb', 'roshanm6994@gmail.com', '2021-03-05', 'Roshan Mahadik', '411034', '15635989', 'gfjhfjh', '1'),
(5, 'f9edb88041a525f0601b57d02175014c', 'vinu.kumbhar01@gmail.com', '2021-03-06', 'Vinod Kumbhar', '411035', '96753466553', 'Vinod Kumbhar, Pune', '1'),
(6, 'a370453431cea129c9fcf1778c79e9a1', 'asdeshpande@mitaoe.ac.in', '2021-03-06', 'atharva deshpande', '', '', '', '1'),
(7, '0c8abdb962f042d1857c66dd26b0c87b', '7620508235', '2021-03-08', 'akshay mahadik', '', '', '', '0'),
(8, 'b4eff003b18e2404ca8fb654a8ef296c', '8483824977', '2021-03-18', 'Dhananjay Dange', '411018_PIMPRI', '8483824977', 'Bsjan', '0'),
(9, '0011deeb6a1aa4e0d64a60827a8a0fcf', 'ibofixindia@gmail.com', '2021-03-20', 'IBOFIX INDIA', '', '', '', '1'),
(10, '0acff50219f19374cc9f5c63ee8b76b7', 'sarang.barshikar123@gmail.com', '2021-03-20', 'Sarang Barshikar', '', '', '', '1'),
(11, '2aeab5f174e0d47c21e02850e98ca492', 'shrikant.walse@gmail.com', '2021-04-01', 'Shrikant Walse', '', '', '', '0'),
(12, '7b7f71bff78951c020e9c647a32bb839', 'Rahul@123', '2021-04-02', 'Rahul Mehata', '411026', '9657245081', 'ABC, XYZ, Pune', '0');

-- --------------------------------------------------------

--
-- Table structure for table `verificationqa`
--

CREATE TABLE `verificationqa` (
  `rid` int(10) NOT NULL,
  `q1` varchar(20) NOT NULL,
  `q2a` varchar(20) NOT NULL,
  `q2b` varchar(20) NOT NULL,
  `q2c` varchar(20) NOT NULL,
  `q2d` varchar(20) NOT NULL,
  `q2e` varchar(20) NOT NULL,
  `q2f` varchar(20) NOT NULL,
  `q2g` varchar(20) NOT NULL,
  `q2h` varchar(20) NOT NULL,
  `q2i` varchar(20) NOT NULL,
  `q2j` varchar(20) NOT NULL,
  `q2k` varchar(20) NOT NULL,
  `q2l` varchar(20) NOT NULL,
  `q2m` varchar(20) NOT NULL,
  `q2n` varchar(20) NOT NULL,
  `q3` varchar(20) NOT NULL,
  `q4` varchar(20) NOT NULL
) ENGINE=InnoDB DEFAULT CHARSET=utf8mb4;

--
-- Dumping data for table `verificationqa`
--

INSERT INTO `verificationqa` (`rid`, `q1`, `q2a`, `q2b`, `q2c`, `q2d`, `q2e`, `q2f`, `q2g`, `q2h`, `q2i`, `q2j`, `q2k`, `q2l`, `q2m`, `q2n`, `q3`, `q4`) VALUES
(1, 'yes', 'no', 'notapplicable', 'yes', 'no', 'notapplicable', 'yes', 'no', 'notapplicable', 'yes', 'no', 'notapplicable', 'yes', 'no', 'notapplicable', 'yes', 'no'),
(3, 'yes', 'yes', 'yes', 'yes', 'yes', 'yes', 'yes', 'yes', 'yes', 'yes', 'no', 'yes', 'yes', 'yes', 'yes', 'yes', 'yes'),
(0, 'yes', 'yes', 'yes', 'yes', 'yes', 'yes', 'yes', '', 'yes', 'yes', 'no', '', '', '', '', '', ''),
(8, 'yes', 'yes', 'yes', 'yes', 'yes', 'yes', 'yes', 'yes', 'yes', 'yes', 'yes', 'yes', 'yes', 'yes', 'yes', 'yes', 'yes');

--
-- Indexes for dumped tables
--

--
-- Indexes for table `admins`
--
ALTER TABLE `admins`
  ADD PRIMARY KEY (`admin_id`);

--
-- Indexes for table `carousel`
--
ALTER TABLE `carousel`
  ADD PRIMARY KEY (`id`);

--
-- Indexes for table `cities`
--
ALTER TABLE `cities`
  ADD PRIMARY KEY (`cid`);

--
-- Indexes for table `contactlocations`
--
ALTER TABLE `contactlocations`
  ADD PRIMARY KEY (`clid`);

--
-- Indexes for table `mobilecompany`
--
ALTER TABLE `mobilecompany`
  ADD PRIMARY KEY (`mcid`);

--
-- Indexes for table `mobilemodel`
--
ALTER TABLE `mobilemodel`
  ADD PRIMARY KEY (`mmid`),
  ADD KEY `mcid` (`mcid`);

--
-- Indexes for table `pincode`
--
ALTER TABLE `pincode`
  ADD PRIMARY KEY (`pid`);

--
-- Indexes for table `pricing_allocation`
--
ALTER TABLE `pricing_allocation`
  ADD PRIMARY KEY (`paid`);

--
-- Indexes for table `problem_master`
--
ALTER TABLE `problem_master`
  ADD PRIMARY KEY (`problem_code`);

--
-- Indexes for table `req`
--
ALTER TABLE `req`
  ADD PRIMARY KEY (`rid`);

--
-- Indexes for table `session`
--
ALTER TABLE `session`
  ADD PRIMARY KEY (`sesid`),
  ADD KEY `uid` (`uid`);

--
-- Indexes for table `session_admin`
--
ALTER TABLE `session_admin`
  ADD PRIMARY KEY (`sesid`),
  ADD KEY `uid` (`uid`);

--
-- Indexes for table `subproblem_master`
--
ALTER TABLE `subproblem_master`
  ADD PRIMARY KEY (`subproblem_code`);

--
-- Indexes for table `users`
--
ALTER TABLE `users`
  ADD PRIMARY KEY (`uid`);

--
-- AUTO_INCREMENT for dumped tables
--

--
-- AUTO_INCREMENT for table `admins`
--
ALTER TABLE `admins`
  MODIFY `admin_id` int(10) NOT NULL AUTO_INCREMENT, AUTO_INCREMENT=24;

--
-- AUTO_INCREMENT for table `carousel`
--
ALTER TABLE `carousel`
  MODIFY `id` int(10) NOT NULL AUTO_INCREMENT, AUTO_INCREMENT=43;

--
-- AUTO_INCREMENT for table `cities`
--
ALTER TABLE `cities`
  MODIFY `cid` int(10) NOT NULL AUTO_INCREMENT, AUTO_INCREMENT=47;

--
-- AUTO_INCREMENT for table `contactlocations`
--
ALTER TABLE `contactlocations`
  MODIFY `clid` int(20) NOT NULL AUTO_INCREMENT, AUTO_INCREMENT=15;

--
-- AUTO_INCREMENT for table `mobilecompany`
--
ALTER TABLE `mobilecompany`
  MODIFY `mcid` int(50) NOT NULL AUTO_INCREMENT, AUTO_INCREMENT=72;

--
-- AUTO_INCREMENT for table `mobilemodel`
--
ALTER TABLE `mobilemodel`
  MODIFY `mmid` int(50) NOT NULL AUTO_INCREMENT, AUTO_INCREMENT=453;

--
-- AUTO_INCREMENT for table `pincode`
--
ALTER TABLE `pincode`
  MODIFY `pid` int(50) NOT NULL AUTO_INCREMENT, AUTO_INCREMENT=53;

--
-- AUTO_INCREMENT for table `pricing_allocation`
--
ALTER TABLE `pricing_allocation`
  MODIFY `paid` int(255) NOT NULL AUTO_INCREMENT, AUTO_INCREMENT=2256;

--
-- AUTO_INCREMENT for table `problem_master`
--
ALTER TABLE `problem_master`
  MODIFY `problem_code` int(11) NOT NULL AUTO_INCREMENT, AUTO_INCREMENT=23;

--
-- AUTO_INCREMENT for table `subproblem_master`
--
ALTER TABLE `subproblem_master`
  MODIFY `subproblem_code` int(11) NOT NULL AUTO_INCREMENT, AUTO_INCREMENT=38;

--
-- AUTO_INCREMENT for table `users`
--
ALTER TABLE `users`
  MODIFY `uid` int(10) NOT NULL AUTO_INCREMENT, AUTO_INCREMENT=13;
COMMIT;

/*!40101 SET CHARACTER_SET_CLIENT=@OLD_CHARACTER_SET_CLIENT */;
/*!40101 SET CHARACTER_SET_RESULTS=@OLD_CHARACTER_SET_RESULTS */;
/*!40101 SET COLLATION_CONNECTION=@OLD_COLLATION_CONNECTION */;
